124,1,App,endix,10.,Param,eters,in m,o,del,s,,,,,,,,,,,,,
124,1,,,,,,,,,,,,,,,,,,,,,,
124,1,Parame,ters in mo,dels. nr =,model nu,mber. Not,e: Param,ete,rs mar,ke,d with,an ast,erisk (*),are not t,he original v,alu,es from pub,lication,s. The original,values yield,ed in,fe,asi
124,1,,,,,,,,,,,,,,,,,,,,,,
124,1,values,of produc,tivity. Fo,"r instance,",in Acke,rman et.,al,(2018,"),",the ori,ginal,value a,= 0.0072,in model 1,w,hen used w,ith the,average volum,e of 0.161,m³ y,iel,de
124,1,,,,,,,,,,,,,,,,,,,,,,
124,1,produc,tivity of 0,.00102 m³,PMh⁻¹. T,his value,does not,ali,gn wi,th,Figure,2.b in,Ackerm,an et. al,"(2018), whi",ch s,hows that t,he prod,uctivity should,be approxi,mate,ly,12
124,1,,,,,,,,,,,,,,,,,,,,,,
124,1,PMh⁻¹,when the,average v,olume is a,round 0.1,5 m³. Af,ter,conta,ct,with th,e auth,or of A,ckerman,"et. al (2018),",th,e author sup,plied th,e correct mod,el for model,2. H,o,we
124,1,,,,,,,,,,,,,,,,,,,,,,
124,1,model,1 was not,supplied a,nd is ther,efore pro,bably inc,orr,ect.,,,,,,,,,,,,,,
124,1,,,,,,,,,,,,,,,,,,,,,,
124,1,At a ce,rtain thres,"hold, whe",n the deci,mal value,for a pa,ram,eter i,s e,xceed,ingly s,"mall, it",is present,ed as 10-x. F,or,"example, 10",-6 = 0.0,00001.,,,,
124,1,,,,,,,,,,,,,,,,,,,,,,
124,1,Author(s),,nr,a,b,c,d,,e,,f,g,h,i j,k,l,m,n o,p q,r,s,t
124,1,,,,,,,,,,,,,,,,,,,,,,
124,1,Ackerman,et al. (2018),1,*72,1.0702,-,-,,-,,-,-,-,- -,-,-,-,- -,- -,-,-,-
124,1,,,,,,,,,,,,,,,,,,,,,,
124,1,,,2,*4.971,*76.865,-,-,,-,,-,-,-,- -,-,-,-,- -,- -,-,-,-
124,1,,,,,,,,,,,,,,,,,,,,,,
124,1,,,3,4.89822,57.38591,0.04803,-,,-,,-,-,-,- -,-,-,-,- -,- -,-,-,-
124,1,,,,,,,,,,,,,,,,,,,,,,
124,1,,,4,4.790967,76.864974,0.005877,-,,-,,-,-,-,- -,-,-,-,- -,- -,-,-,-
124,1,,,,,,,,,,,,,,,,,,,,,,
124,1,,,5,4.73667,58.44977,0.0413,0.04,403,-,,-,-,-,- -,-,-,-,- -,- -,-,-,-
124,1,,,,,,,,,,,,,,,,,,,,,,
124,1,,,6,4.47612,79.14764,0.01787,0.08,686,-,,-,-,-,- -,-,-,-,- -,- -,-,-,-
124,1,,,,,,,,,,,,,,,,,,,,,,
124,1,Ackerman,et al. (2021),1,102.10662,1,92.52183,25.4,8385,0.1,6874,-,-,-,- -,-,-,-,- -,- -,-,-,-
124,1,,,,,,,,,,,,,,,,,,,,,,
124,1,,,2,102.10662,92.52183,1,25.4,8385,0.1,6874,0.05249,0.08296,-,- -,-,-,-,- -,- -,-,-,-
124,1,,,,,,,,,,,,,,,,,,,,,,
124,1,Ackerman,et al. (2022),1,*68.5909,0.5505649,-,-,,-,,-,-,-,- -,-,-,-,- -,- -,-,-,-
124,1,,,,,,,,,,,,,,,,,,,,,,
124,1,,,2,*30.26950014,0.5505689,-,-,,-,,-,-,-,- -,-,-,-,- -,- -,-,-,-
124,1,,,,,,,,,,,,,,,,,,,,,,
124,1,Acosta et,al. (2021),1,0.5278,43.5612,-,-,,-,,-,-,-,- -,-,-,-,- -,- -,-,-,-
124,1,,,,,,,,,,,,,,,,,,,,,,
124,1,Acuna et a,l. (2017),1,3.848,0.301,0.668,-,,-,,-,-,-,- -,-,-,-,- -,- -,-,-,-
124,1,,,,,,,,,,,,,,,,,,,,,,
124,1,Alam et al,. (2014),1,74.58,71.45,-,-,,-,,-,-,-,- -,-,-,-,- -,- -,-,-,-
124,1,,,,,,,,,,,,,,,,,,,,,,
124,1,,,2,70.59,48.16,-,-,,-,,-,-,-,- -,-,-,-,- -,- -,-,-,-
124,1,,,,,,,,,,,,,,,,,,,,,,
124,1,,,3,118.34,93.92,-,-,,-,,-,-,-,- -,-,-,-,- -,- -,-,-,-
125,1,,,4,119.16,44.92,-,-,-,-,-,-,-,-,-,-,-,-,-,-,-,-,-
125,1,,,,,,,,,,,,,,,,,,,,,,
125,1,Apăfăian e,t al. (2017),1,3.8978,0.1124,-,-,-,-,-,-,-,-,-,-,-,-,-,-,-,-,-
125,1,,,,,,,,,,,,,,,,,,,,,,
125,1,,,2,8.7284,2.6289,-,-,-,-,-,-,-,-,-,-,-,-,-,-,-,-,-
125,1,,,,,,,,,,,,,,,,,,,,,,
125,1,,,3,30.405,1.218,-,-,-,-,-,-,-,-,-,-,-,-,-,-,-,-,-
125,1,,,,,,,,,,,,,,,,,,,,,,
125,1,,,4,28.243,57.12,-,-,-,-,-,-,-,-,-,-,-,-,-,-,-,-,-
125,1,,,,,,,,,,,,,,,,,,,,,,
125,1,,,5,55.189,0.7,-,-,-,-,-,-,-,-,-,-,-,-,-,-,-,-,-
125,1,,,,,,,,,,,,,,,,,,,,,,
125,1,Berendt et,al. (2020),1,42.51,0.637,-,-,-,-,-,-,-,-,-,-,-,-,-,-,-,-,-
125,1,,,,,,,,,,,,,,,,,,,,,,
125,1,Berg et al.,(2014),1,335.25,1.09357,0.000763,2,92.842,-,-,-,-,-,-,-,-,-,-,-,-,-,-
125,1,,,,,,,,,,,,,,,,,,,,,,
125,1,,,2,36.068,19.918,3.4251,2,10.2956,-,-,-,-,-,-,-,-,-,-,-,-,-,-
125,1,,,,,,,,,,,,,,,,,,,,,,
125,1,,,3,72.303,0.75805,0.0007375,2,-,-,-,-,-,-,-,-,-,-,-,-,-,-,-
125,1,,,,,,,,,,,,,,,,,,,,,,
125,1,,,4,30.778,67.028,14.6016,2,8.8462,-,-,-,-,-,-,-,-,-,-,-,-,-,-
125,1,,,,,,,,,,,,,,,,,,,,,,
125,1,Bergström,& Di Fulvio (2014),1,3.45,68.85,-,-,-,-,-,-,-,-,-,-,-,-,-,-,-,-,-
125,1,,,,,,,,,,,,,,,,,,,,,,
125,1,,,2,1.76,58.72,2902.21,-,-,-,-,-,-,-,-,-,-,-,-,-,-,-,-
125,1,,,,,,,,,,,,,,,,,,,,,,
125,1,Bergström,et al. (2016),1,1.95,0.136,-,-,-,-,-,-,-,-,-,-,-,-,-,-,-,-,-
125,1,,,,,,,,,,,,,,,,,,,,,,
125,1,,,2,1.3865,0.10556,-,-,-,-,-,-,-,-,-,-,-,-,-,-,-,-,-
125,1,,,,,,,,,,,,,,,,,,,,,,
125,1,,,3,7.3805,0.48205,-,-,-,-,-,-,-,-,-,-,-,-,-,-,-,-,-
125,1,,,,,,,,,,,,,,,,,,,,,,
125,1,Bergström,et al. (2022),1,1.8,0.0608,-,-,-,-,-,-,-,-,-,-,-,-,-,-,-,-,-
125,1,,,,,,,,,,,,,,,,,,,,,,
125,1,,,2,2.8,0.0608,-,-,-,-,-,-,-,-,-,-,-,-,-,-,-,-,-
125,1,,,,,,,,,,,,,,,,,,,,,,
125,1,,,3,1.5,0.2782,-,-,-,-,-,-,-,-,-,-,-,-,-,-,-,-,-
125,1,,,,,,,,,,,,,,,,,,,,,,
125,1,,,4,2.3,0.2782,-,-,-,-,-,-,-,-,-,-,-,-,-,-,-,-,-
125,1,,,,,,,,,,,,,,,,,,,,,,
125,1,,,5,1.5,0.3336,-,-,-,-,-,-,-,-,-,-,-,-,-,-,-,-,-
125,1,,,,,,,,,,,,,,,,,,,,,,
125,1,,,6,2.3,0.3336,-,-,-,-,-,-,-,-,-,-,-,-,-,-,-,-,-
125,1,,,,,,,,,,,,,,,,,,,,,,
125,1,,,7,0.1,0.4028,-,-,-,-,-,-,-,-,-,-,-,-,-,-,-,-,-
125,1,,,,,,,,,,,,,,,,,,,,,,
125,1,,,8,0.8,0.4028,-,-,-,-,-,-,-,-,-,-,-,-,-,-,-,-,-
125,1,,,,,,,,,,,,,,,,,,,,,,
125,1,Bilici et al.,(2019),1,192.147,*8.817,*6.294,-,-,-,-,-,-,-,-,-,-,-,-,-,-,-,-
125,1,,,,,,,,,,,,,,,,,,,,,,
125,1,,,2,172.087,*4.93,*6.233,-,-,-,-,-,-,-,-,-,-,-,-,-,-,-,-
125,1,,,,,,,,,,,,,,,,,,,,,,
125,1,,,3,141.55,10.527,-,-,-,-,-,-,-,-,-,-,-,-,-,-,-,-,-
125,1,,,,,,,,,,,,,,,,,,,,,,
125,1,,,4,85.946,4.8334,-,-,-,-,-,-,-,-,-,-,-,-,-,-,-,-,-
125,1,,,,,,,,,,,,,,,,,,,,,,
125,1,,,5,8.0535,134.14,-,-,-,-,-,-,-,-,-,-,-,-,-,-,-,-,-
125,1,,,,,,,,,,,,,,,,,,,,,,
125,1,,,6,4.9022,60.207,-,-,-,-,-,-,-,-,-,-,-,-,-,-,-,-,-
125,1,,,,,,,,,,,,,,,,,,,,,,
125,1,Brewer et a,l. (2018),1,51.1,37.06,-,-,-,-,-,-,-,-,-,-,-,-,-,-,-,-,-
125,1,,,,,,,,,,,,,,,,,,,,,,
125,1,,,2,50.61,35.57,-,-,-,-,-,-,-,-,-,-,-,-,-,-,-,-,-
125,1,,,,,,,,,,,,,,,,,,,,,,
125,1,,,,,,,,,,,125,,,,,,,,,,,
126,1,,,3,34.29,43.89,-,-,-,-,-,-,-,-,-,-,-,-,-,-,-,-,-
126,1,,,,,,,,,,,,,,,,,,,,,,
126,1,,,4,36.79,40.34,-,-,-,-,-,-,-,-,-,-,-,-,-,-,-,-,-
126,1,,,,,,,,,,,,,,,,,,,,,,
126,1,,,5,43.69,37.87,-,-,-,-,-,-,-,-,-,-,-,-,-,-,-,-,-
126,1,,,,,,,,,,,,,,,,,,,,,,
126,1,,,6,41.44,39.51,-,-,-,-,-,-,-,-,-,-,-,-,-,-,-,-,-
126,1,,,,,,,,,,,,,,,,,,,,,,
126,1,,,7,33.51,58.03,-,-,-,-,-,-,-,-,-,-,-,-,-,-,-,-,-
126,1,,,,,,,,,,,,,,,,,,,,,,
126,1,,,8,33.36,57.64,-,-,-,-,-,-,-,-,-,-,-,-,-,-,-,-,-
126,1,,,,,,,,,,,,,,,,,,,,,,
126,1,Brown et al. (2013),,1,12.3,3.8,-,-,-,-,-,-,-,-,-,-,-,-,-,-,-,-,-
126,1,,,,,,,,,,,,,,,,,,,,,,
126,1,,,2,10.8,3.5,-,-,-,-,-,-,-,-,-,-,-,-,-,-,-,-,-
126,1,,,,,,,,,,,,,,,,,,,,,,
126,1,Carter et al. (2017),,1,8.766,1.852,8.816,1.066,-,-,-,-,-,-,-,-,-,-,-,-,-,-,-
126,1,,,,,,,,,,,,,,,,,,,,,,
126,1,Chakroun et al. (2016),,1,70.77,8.5,0.79,-,-,-,-,-,-,-,-,-,-,-,-,-,-,-,-
126,1,,,,,,,,,,,,,,,,,,,,,,
126,1,,,2,86.47,6.64,0.8,-,-,-,-,-,-,-,-,-,-,-,-,-,-,-,-
126,1,,,,,,,,,,,,,,,,,,,,,,
126,1,,,3,42.16,7.37,0.5,-,-,-,-,-,-,-,-,-,-,-,-,-,-,-,-
126,1,,,,,,,,,,,,,,,,,,,,,,
126,1,,,4,72.31,19.75,0.82,-,-,-,-,-,-,-,-,-,-,-,-,-,-,-,-
126,1,,,,,,,,,,,,,,,,,,,,,,
126,1,,,5,77.86,12.52,0.84,-,-,-,-,-,-,-,-,-,-,-,-,-,-,-,-
126,1,,,,,,,,,,,,,,,,,,,,,,
126,1,Chung et al. (2022),,1,17.69,0.75,4.42,12.18,-,-,-,-,-,-,-,-,-,-,-,-,-,-,-
126,1,,,,,,,,,,,,,,,,,,,,,,
126,1,,,2,2.49,0.714,14.79,-,-,-,-,-,-,-,-,-,-,-,-,-,-,-,-
126,1,,,,,,,,,,,,,,,,,,,,,,
126,1,Di Fulvio & Bergström,(2013),1,5.4043,0.000874,1.1512,-,-,-,-,-,-,-,-,-,-,-,-,-,-,-,-
126,1,,,,,,,,,,,,,,,,,,,,,,
126,1,Erber et al. (2016),,1,0.048,0.014,-,-,-,-,-,-,-,-,-,-,-,-,-,-,-,-,-
126,1,,,,,,,,,,,,,,,,,,,,,,
126,1,,,2,0.004,1.264,0.7,0.014,0.108,-,-,-,-,-,-,-,-,-,-,-,-,-,-
126,1,,,,,,,,,,,,,,,,,,,,,,
126,1,,,3,0.209,0.362,0.7,0.023,0.046,-,-,-,-,-,-,-,-,-,-,-,-,-,-
126,1,,,,,,,,,,,,,,,,,,,,,,
126,1,,,4,0.228,1.823,0.7,0.043,0.17,-,-,-,-,-,-,-,-,-,-,-,-,-,-
126,1,,,,,,,,,,,,,,,,,,,,,,
126,1,Eriksson & Lindroos (2,014),1,3.704,0.134,0.161,2,-,-,-,-,-,-,-,-,-,-,-,-,-,-,-
126,1,,,,,,,,,,,,,,,,,,,,,,
126,1,,,2,3.135,0.378,0.066,0.056,0.072,2,-,-,-,-,-,-,-,-,-,-,-,-,-
126,1,,,,,,,,,,,,,,,,,,,,,,
126,1,,,3,3.148,0.379,0.077,0.06,0.071,2,0.079,0.038,0.044,-,-,-,-,-,-,-,-,-,-
126,1,,,,,,,,,,,,,,,,,,,,,,
126,1,,,4,2.371,0.365,0.075,0.061,0.072,2,0.076,0.033,0.042,0.026,0.031,0.004,0.073,0.109,-,-,-,-,-
126,1,,,,,,,,,,,,,,,,,,,,,,
126,1,,,5,2.704,0.353,0.075,0.062,0.067,2,0.077,0.034,0.042,0.027,0.032,0.004,0.079,0.061,0.112,0.027,0.039,0.024,0.022
126,1,,,,,,,,,,,,,,,,,,,,,,
126,1,,,6,3.466,0.211,0.112,2,-,-,-,-,-,-,-,-,-,-,-,-,-,-,-
126,1,,,,,,,,,,,,,,,,,,,,,,
126,1,,,7,3.592,0.693,0.037,0.039,-,-,-,-,-,-,-,-,-,-,-,-,-,-,-
126,1,,,,,,,,,,,,,,,,,,,,,,
126,1,,,8,3.514,0.665,0.051,0.047,0.037,0.035,0.008,-,-,-,-,-,-,-,-,-,-,-,-
126,1,,,,,,,,,,,,,,,,,,,,,,
126,1,,,9,2.822,0.638,0.051,0.057,0.039,0.033,0.007,0.021,0.045,0.051,0.281,0.314,0.041,0.02,0.018,-,-,-,-
126,1,,,,,,,,,,,,,,,,,,,,,,
126,1,Fernandez-Lacruz et al.,(2013),1,5.4935,1.379,-,-,-,-,-,-,-,-,-,-,-,-,-,-,-,-,-
126,1,,,,,,,,,,,,,,,,,,,,,,
126,1,Fernandez-Lacruz et al.,(2021),1,6.1603,1.6144,-,-,-,-,-,-,-,-,-,-,-,-,-,-,-,-,-
127,1,,,2,5.1033,1.0267,-,-,-,-,-,-,-,-,-,-,-,-,-,-,-,-,-
127,1,,,,,,,,,,,,,,,,,,,,,,
127,1,George et al.,(2022),1,0.91,0.03,0.11,0.11,0.12,0.06,0.05,0.02,0.11,-,-,-,-,-,-,-,-,-,-
127,1,,,,,,,,,,,,,,,,,,,,,,
127,1,Ghaffariyan,(2013),1,242.94,83.012,-,-,-,-,-,-,-,-,-,-,-,-,-,-,-,-,-
127,1,,,,,,,,,,,,,,,,,,,,,,
127,1,,,2,0.115,0.3,-,-,-,-,-,-,-,-,-,-,-,-,-,-,-,-,-
127,1,,,,,,,,,,,,,,,,,,,,,,
127,1,Ghaffariyan,et al. (2019),1,48.971,0.6245,-,-,-,-,-,-,-,-,-,-,-,-,-,-,-,-,-
127,1,,,,,,,,,,,,,,,,,,,,,,
127,1,Ghaffariyan,et al. (2013),1,182.078,57.585,-,-,-,-,-,-,-,-,-,-,-,-,-,-,-,-,-
127,1,,,,,,,,,,,,,,,,,,,,,,
127,1,Ghaffariyan,et al. (2015),1,0.29,0.003,-,-,-,-,-,-,-,-,-,-,-,-,-,-,-,-,-
127,1,,,,,,,,,,,,,,,,,,,,,,
127,1,Green et al. (,2020),1,0.112,0.023,0.022,0.076,-,-,-,-,-,-,-,-,-,-,-,-,-,-,-
127,1,,,,,,,,,,,,,,,,,,,,,,
127,1,,,2,0.2,0.039,0.056,0.037,-,-,-,-,-,-,-,-,-,-,-,-,-,-,-
127,1,,,,,,,,,,,,,,,,,,,,,,
127,1,Grönlund &,Eliasson (2019),1,1442,25.82,224,-,-,-,-,-,-,-,-,-,-,-,-,-,-,-,-
127,1,,,,,,,,,,,,,,,,,,,,,,
127,1,Gülci et al. (,2021),1,17.519,2.438,1.616,50.013,-,-,-,-,-,-,-,-,-,-,-,-,-,-,-
127,1,,,,,,,,,,,,,,,,,,,,,,
127,1,,,2,25.754,0.645,0.118,95.87,-,-,-,-,-,-,-,-,-,-,-,-,-,-,-
127,1,,,,,,,,,,,,,,,,,,,,,,
127,1,,,3,864.76,96.626,3.957,2,26.508,0.929,2,145.631,470.935,2,-,-,-,-,-,-,-,-,-
127,1,,,,,,,,,,,,,,,,,,,,,,
127,1,,,4,540.134,62.527,2.768,2,15.339,0.678,2,376.775,171.468,2,-,-,-,-,-,-,-,-,-
127,1,,,,,,,,,,,,,,,,,,,,,,
127,1,Han et al. (2,018),1,10.14,3.709,13.082,0.989,-,-,-,-,-,-,-,-,-,-,-,-,-,-,-
127,1,,,,,,,,,,,,,,,,,,,,,,
127,1,Hiesl & Ben,jamin (2013),1,0.888,0.136,0.007,-,-,-,-,-,-,-,-,-,-,-,-,-,-,-,-
127,1,,,,,,,,,,,,,,,,,,,,,,
127,1,Hiesl & Ben,jamin (2015),1,1.129,0.041,0.246,-,-,-,-,-,-,-,-,-,-,-,-,-,-,-,-
127,1,,,,,,,,,,,,,,,,,,,,,,
127,1,Hiesl et al. (,2015),1,1.115,0.01,0.635,0.095,0.045,125.48,-,-,-,-,-,-,-,-,-,-,-,-,-
127,1,,,,,,,,,,,,,,,,,,,,,,
127,1,,,2,4.379,0.001,0.052,0.029,0.172,-,-,-,-,-,-,-,-,-,-,-,-,-,-
127,1,,,,,,,,,,,,,,,,,,,,,,
127,1,Holzleitner,& Kanzian (2022),1,6.95,42.09,0.46,8.94,-,-,-,-,-,-,-,-,-,-,-,-,-,-,-
127,1,,,,,,,,,,,,,,,,,,,,,,
127,1,,,2,5.49,48.49,0.46,9.08,4.62,13.85,-,-,-,-,-,-,-,-,-,-,-,-,-
127,1,,,,,,,,,,,,,,,,,,,,,,
127,1,,,3,8.97,39.47,0.46,8.68,-,-,-,-,-,-,-,-,-,-,-,-,-,-,-
127,1,,,,,,,,,,,,,,,,,,,,,,
127,1,Horváth et a,l. (2016),1,1.9825,0.052,0.1368,0.5607,0.0867,0.491,-,-,-,-,-,-,-,-,-,-,-,-,-
127,1,,,,,,,,,,,,,,,,,,,,,,
127,1,,,2,0.3151,0.2748,0.2456,0.3984,0.8871,0.0616,-,-,-,-,-,-,-,-,-,-,-,-,-
127,1,,,,,,,,,,,,,,,,,,,,,,
127,1,,,3,0.107,0.0194,0.2618,0.392,1.3301,0.4159,-,-,-,-,-,-,-,-,-,-,-,-,-
127,1,,,,,,,,,,,,,,,,,,,,,,
127,1,,,4,0.1357,0.047,0.37,0.2522,1.0769,0.3307,-,-,-,-,-,-,-,-,-,-,-,-,-
127,1,,,,,,,,,,,,,,,,,,,,,,
127,1,,,5,0.2727,0.0405,0.2531,0.4363,0.8549,0.1226,-,-,-,-,-,-,-,-,-,-,-,-,-
127,1,,,,,,,,,,,,,,,,,,,,,,
127,1,,,6,0.0602,0.9065,0.4419,0.9142,0.0953,-,-,-,-,-,-,-,-,-,-,-,-,-,-
127,1,,,,,,,,,,,,,,,,,,,,,,
127,1,,,7,0.7827,0.1676,0.1907,0.919,0.1823,0.2021,-,-,-,-,-,-,-,-,-,-,-,-,-
127,1,,,,,,,,,,,,,,,,,,,,,,
127,1,,,8,0.3004,0.1275,0.5283,0.3881,0.7773,0.2332,-,-,-,-,-,-,-,-,-,-,-,-,-
127,1,,,,,,,,,,,,,,,,,,,,,,
127,1,,,9,0.3005,0.1436,0.3523,0.5618,0.6433,0.07,-,-,-,-,-,-,-,-,-,-,-,-,-
127,1,,,,,,,,,,,,,,,,,,,,,,
127,1,,,10,2.8238,0.2766,0.6936,-,-,-,-,-,-,-,-,-,-,-,-,-,-,-,-
128,1,11,0.3215,0.1762,0.4083,0.4968,0.6769,0.1613,-,-,-,-,-,-,-,-,-,-,-,-,-
128,1,,,,,,,,,,,,,,,,,,,,
128,1,12,1.9614,0.0526,0.1364,0.5575,0.0937,0.5109,-,-,-,-,-,-,-,-,-,-,-,-,-
128,1,,,,,,,,,,,,,,,,,,,,
128,1,13,0.3157,0.2755,0.2457,0.3986,0.8862,0.938,-,-,-,-,-,-,-,-,-,-,-,-,-
128,1,,,,,,,,,,,,,,,,,,,,
128,1,14,0.1072,0.0195,0.2616,0.3921,1.3296,1.415,-,-,-,-,-,-,-,-,-,-,-,-,-
128,1,,,,,,,,,,,,,,,,,,,,
128,1,15,0.1358,0.0475,0.3698,0.2524,1.0765,1.3304,-,-,-,-,-,-,-,-,-,-,-,-,-
128,1,,,,,,,,,,,,,,,,,,,,
128,1,16,0.2725,0.0403,0.2532,0.4359,0.8557,1.1221,-,-,-,-,-,-,-,-,-,-,-,-,-
128,1,,,,,,,,,,,,,,,,,,,,
128,1,17,0.0603,0.9065,0.441,0.9138,0.9039,-,-,-,-,-,-,-,-,-,-,-,-,-,-
128,1,,,,,,,,,,,,,,,,,,,,
128,1,18,0.7835,0.168,0.1906,0.9192,0.182,0.7969,-,-,-,-,-,-,-,-,-,-,-,-,-
128,1,,,,,,,,,,,,,,,,,,,,
128,1,19,0.3013,0.1277,0.5283,0.3883,0.776,0.7664,-,-,-,-,-,-,-,-,-,-,-,-,-
128,1,,,,,,,,,,,,,,,,,,,,
128,1,20,0.301,0.1436,0.3526,0.5618,0.6433,0.9283,-,-,-,-,-,-,-,-,-,-,-,-,-
128,1,,,,,,,,,,,,,,,,,,,,
128,1,21,2.8176,0.2758,0.3071,-,-,-,-,-,-,-,-,-,-,-,-,-,-,-,-
128,1,,,,,,,,,,,,,,,,,,,,
128,1,22,0.3216,0.1763,0.4084,0.4971,0.677,0.3831,-,-,-,-,-,-,-,-,-,-,-,-,-
128,1,,,,,,,,,,,,,,,,,,,,
128,1,23,0.5257,0.0519,0.1372,0.5517,0.1064,0.521,-,-,-,-,-,-,-,-,-,-,-,-,-
128,1,,,,,,,,,,,,,,,,,,,,
128,1,24,3.1404,0.275,0.2441,0.3942,0.8826,0.9343,-,-,-,-,-,-,-,-,-,-,-,-,-
128,1,,,,,,,,,,,,,,,,,,,,
128,1,25,9.4062,0.0179,0.2626,0.3921,1.3334,1.4181,-,-,-,-,-,-,-,-,-,-,-,-,-
128,1,,,,,,,,,,,,,,,,,,,,
128,1,26,7.2354,0.0484,0.3652,0.2543,1.0715,1.3225,-,-,-,-,-,-,-,-,-,-,-,-,-
128,1,,,,,,,,,,,,,,,,,,,,
128,1,27,3.681,0.0418,0.2525,0.4351,0.8577,1.123,-,-,-,-,-,-,-,-,-,-,-,-,-
128,1,,,,,,,,,,,,,,,,,,,,
128,1,28,16.5662,0.9025,0.432,0.9167,0.9054,-,-,-,-,-,-,-,-,-,-,-,-,-,-
128,1,,,,,,,,,,,,,,,,,,,,
128,1,29,1.2789,0.1668,0.1898,0.9189,0.1834,0.7975,-,-,-,-,-,-,-,-,-,-,-,-,-
128,1,,,,,,,,,,,,,,,,,,,,
128,1,30,3.3738,0.1278,0.5388,0.3856,0.7826,0.7699,-,-,-,-,-,-,-,-,-,-,-,-,-
128,1,,,,,,,,,,,,,,,,,,,,
128,1,31,3.318,0.1406,0.3519,0.563,0.6422,0.9283,-,-,-,-,-,-,-,-,-,-,-,-,-
128,1,,,,,,,,,,,,,,,,,,,,
128,1,32,0.3548,0.2759,0.3079,-,-,-,-,-,-,-,-,-,-,-,-,-,-,-,-
128,1,,,,,,,,,,,,,,,,,,,,
128,1,33,3.1242,0.1764,0.4108,0.4974,67.884,0.84,-,-,-,-,-,-,-,-,-,-,-,-,-
128,1,,,,,,,,,,,,,,,,,,,,
128,1,1,0.3,0.144,-,-,-,-,-,-,-,-,-,-,-,-,-,-,-,-,-
128,1,,,,,,,,,,,,,,,,,,,,
128,1,1,3.552,0.279,-,-,-,-,-,-,-,-,-,-,-,-,-,-,-,-,-
128,1,,,,,,,,,,,,,,,,,,,,
128,1,2,0.48,1.167,-,-,-,-,-,-,-,-,-,-,-,-,-,-,-,-,-
128,1,,,,,,,,,,,,,,,,,,,,
128,1,3,230.777,0.361,-,-,-,-,-,-,-,-,-,-,-,-,-,-,-,-,-
128,1,,,,,,,,,,,,,,,,,,,,
128,1,4,0.869,0.572,-,-,-,-,-,-,-,-,-,-,-,-,-,-,-,-,-
128,1,,,,,,,,,,,,,,,,,,,,
128,1,5,0.085,0.994,-,-,-,-,-,-,-,-,-,-,-,-,-,-,-,-,-
128,1,,,,,,,,,,,,,,,,,,,,
128,1,6,1.57,0.793,-,-,-,-,-,-,-,-,-,-,-,-,-,-,-,-,-
128,1,,,,,,,,,,,,,,,,,,,,
128,1,7,0.152,0.876,-,-,-,-,-,-,-,-,-,-,-,-,-,-,-,-,-
128,1,,,,,,,,,,,,,,,,,,,,
128,1,8,0.0202,1.382,-,-,-,-,-,-,-,-,-,-,-,-,-,-,-,-,-
128,1,,,,,,,,,,,,,,,,,,,,
128,1,,,,,,,,,128,,,,,,,,,,,
129,1,Kärhä et al.,(2018a),1,14.021,45.175,24.798,10.603,14.603,-,-,-,-,-,-,-,-,-,-,-,-,-,-
129,1,,,,,,,,,,,,,,,,,,,,,,
129,1,,,2,12.35,46.046,26.661,10.138,4.975,-,-,-,-,-,-,-,-,-,-,-,-,-,-
129,1,,,,,,,,,,,,,,,,,,,,,,
129,1,,,3,6.782,93.455,47.707,12.397,10.122,-,-,-,-,-,-,-,-,-,-,-,-,-,-
129,1,,,,,,,,,,,,,,,,,,,,,,
129,1,,,4,1.752,2138.466,4.935,-,-,-,-,-,-,-,-,-,-,-,-,-,-,-,-
129,1,,,,,,,,,,,,,,,,,,,,,,
129,1,Kärhä et al.,(2018b),1,1.877,1.641,-,-,-,-,-,-,-,-,-,-,-,-,-,-,-,-,-
129,1,,,,,,,,,,,,,,,,,,,,,,
129,1,Kärhä et al.,(2019),1,23.845,53.895,26.6,2,9.054,3,7.75,8 -,-,-,-,-,-,-,-,-,-,-,-
129,1,,,,,,,,,,,,,,,,,,,,,,
129,1,,,2,16.847,59.369,32.974,2,11.3,3,0.94,6 -,-,-,-,-,-,-,-,-,-,-,-
129,1,,,,,,,,,,,,,,,,,,,,,,
129,1,,,3,16.004,61.287,35.309,2,12.054,3,5.81,5 -,-,-,-,-,-,-,-,-,-,-,-
129,1,,,,,,,,,,,,,,,,,,,,,,
129,1,,,4,17.25,56.882,30.429,2,10.358,3,11.1,51 -,-,-,-,-,-,-,-,-,-,-,-
129,1,,,,,,,,,,,,,,,,,,,,,,
129,1,,,5,16.834,59.125,32.747,2,11.15,3,16.1,07 -,-,-,-,-,-,-,-,-,-,-,-
129,1,,,,,,,,,,,,,,,,,,,,,,
129,1,,,6,17.412,56.572,29.45,2,9.964,3,15.5,47 -,-,-,-,-,-,-,-,-,-,-,-
129,1,,,,,,,,,,,,,,,,,,,,,,
129,1,,,7,16.882,59.942,34.017,2,11.669,3,17.4,57 -,-,-,-,-,-,-,-,-,-,-,-
129,1,,,,,,,,,,,,,,,,,,,,,,
129,1,,,8,8.219,72.262,21.442,2,0.837,3,-,-,-,-,-,-,-,-,-,-,-,-,-
129,1,,,,,,,,,,,,,,,,,,,,,,
129,1,,,9,7.778,65.628,15.578,2,0.841,3,-,-,-,-,-,-,-,-,-,-,-,-,-
129,1,,,,,,,,,,,,,,,,,,,,,,
129,1,,,10,6.588,60.14,11.858,2,1.551,3,-,-,-,-,-,-,-,-,-,-,-,-,-
129,1,,,,,,,,,,,,,,,,,,,,,,
129,1,,,11,4.838,57.384,11.946,2,0.88,3,-,-,-,-,-,-,-,-,-,-,-,-,-
129,1,,,,,,,,,,,,,,,,,,,,,,
129,1,,,12,4.213,52.46,9.251,2,1.339,3,-,-,-,-,-,-,-,-,-,-,-,-,-
129,1,,,,,,,,,,,,,,,,,,,,,,
129,1,,,13,4.067,54.003,11.002,2,0.74,3,-,-,-,-,-,-,-,-,-,-,-,-,-
129,1,,,,,,,,,,,,,,,,,,,,,,
129,1,,,14,4.053,51.003,8.208,2,1.612,3,-,-,-,-,-,-,-,-,-,-,-,-,-
129,1,,,,,,,,,,,,,,,,,,,,,,
129,1,Karpachev,& Bykovskiy (2019),1,178.43,44.748,-,-,-,-,-,-,-,-,-,-,-,-,-,-,-,-,-
129,1,,,,,,,,,,,,,,,,,,,,,,
129,1,,,2,31.593,97.129,-,-,-,-,-,-,-,-,-,-,-,-,-,-,-,-,-
129,1,,,,,,,,,,,,,,,,,,,,,,
129,1,,,3,232,197.44,-,-,-,-,-,-,-,-,-,-,-,-,-,-,-,-,-
129,1,,,,,,,,,,,,,,,,,,,,,,
129,1,,,4,297.87,15.576,-,-,-,-,-,-,-,-,-,-,-,-,-,-,-,-,-
129,1,,,,,,,,,,,,,,,,,,,,,,
129,1,,,5,296.44,21.689,-,-,-,-,-,-,-,-,-,-,-,-,-,-,-,-,-
129,1,,,,,,,,,,,,,,,,,,,,,,
129,1,,,6,298.45,34.882,-,-,-,-,-,-,-,-,-,-,-,-,-,-,-,-,-
129,1,,,,,,,,,,,,,,,,,,,,,,
129,1,,,7,89.923,93.932,-,-,-,-,-,-,-,-,-,-,-,-,-,-,-,-,-
129,1,,,,,,,,,,,,,,,,,,,,,,
129,1,,,8,257.42,186.07,-,-,-,-,-,-,-,-,-,-,-,-,-,-,-,-,-
129,1,,,,,,,,,,,,,,,,,,,,,,
129,1,,,9,232,197.44,-,-,-,-,-,-,-,-,-,-,-,-,-,-,-,-,-
129,1,,,,,,,,,,,,,,,,,,,,,,
129,1,,,10,0.0009,603.71,-,-,-,-,-,-,-,-,-,-,-,-,-,-,-,-,-
129,1,,,,,,,,,,,,,,,,,,,,,,
129,1,,,11,416.8,157.45,-,-,-,-,-,-,-,-,-,-,-,-,-,-,-,-,-
129,1,,,,,,,,,,,,,,,,,,,,,,
129,1,,,12,384.92,157.56,-,-,-,-,-,-,-,-,-,-,-,-,-,-,-,-,-
129,1,,,,,,,,,,,,,,,,,,,,,,
129,1,,,13,353.29,157.88,-,-,-,-,-,-,-,-,-,-,-,-,-,-,-,-,-
129,1,,,,,,,,,,,,,,,,,,,,,,
129,1,,,,,,,,,,,129,,,,,,,,,,,
130,1,Kim et al. (20,17),1,11.936,2.67,5.89,0.25,-,-,-,-,-,-,-,-,-,-,-,-,-,-,-
130,1,,,,,,,,,,,,,,,,,,,,,,
130,1,Kizha & Han,(2016),1,1.26,0.07,0.02,0,0.01,0.1,0.15,0.09,-,-,-,-,-,-,-,-,-,-,-
130,1,,,,,,,,,,,,,,,,,,,,,,
130,1,,,2,1.27,0.04,0.27,0.21,0.01,0.03,0.03,-,-,-,-,-,-,-,-,-,-,-,-
130,1,,,,,,,,,,,,,,,,,,,,,,
130,1,,,3,1.36,0.11,0.27,0.21,0.00,0.08,0.13,0.18,-,-,-,-,-,-,-,-,-,-,-
130,1,,,,,,,,,,,,,,,,,,,,,,
130,1,,,4,3.42,0.12,0.09,0.06,0.01,0.05,0.01,0.00,-,-,-,-,-,-,-,-,-,-,-
130,1,,,,,,,,,,,,,,,,,,,,,,
130,1,,,5,3.15,0.12,0.09,0.06,0.01,0,0.05,0.01,-,-,-,-,-,-,-,-,-,-,-
130,1,,,,,,,,,,,,,,,,,,,,,,
130,1,,,6,3.58,0.00,0.70,0.43,0.22,0.01,0.007,0.12,0.07,-,-,-,-,-,-,-,-,-,-
130,1,,,,,,,,,,,,,,,,,,,,,,
130,1,Kormanek &,Baj (2018),1,3.1977,0.5927,-,-,-,-,-,-,-,-,-,-,-,-,-,-,-,-,-
130,1,,,,,,,,,,,,,,,,,,,,,,
130,1,,,2,70.727,1.7313,-,-,-,-,-,-,-,-,-,-,-,-,-,-,-,-,-
130,1,,,,,,,,,,,,,,,,,,,,,,
130,1,Kormanek &,Kępa (2016),1,5.2944,0.9046,-,-,-,-,-,-,-,-,-,-,-,-,-,-,-,-,-
130,1,,,,,,,,,,,,,,,,,,,,,,
130,1,Krč et al. (20,15),1,0.688,0.028,0.093,0.04,0.037,-,-,-,-,-,-,-,-,-,-,-,-,-,-
130,1,,,,,,,,,,,,,,,,,,,,,,
130,1,Labelle et al.,(2017),1,27.67,5.1784,0.3017,2,0.0039,3,-,-,-,-,-,-,-,-,-,-,-,-,-
130,1,,,,,,,,,,,,,,,,,,,,,,
130,1,,,2,7.2145,2.3227,0.1802,2,0.0023,3,-,-,-,-,-,-,-,-,-,-,-,-,-
130,1,,,,,,,,,,,,,,,,,,,,,,
130,1,,,3,0.0071,2.4652,-,-,-,-,-,-,-,-,-,-,-,-,-,-,-,-,-
130,1,,,,,,,,,,,,,,,,,,,,,,
130,1,,,4,0.005,2.629,-,-,-,-,-,-,-,-,-,-,-,-,-,-,-,-,-
130,1,,,,,,,,,,,,,,,,,,,,,,
130,1,Labelle et al.,(2018),1,15.15,2.53,0.02,2,-,-,-,-,-,-,-,-,-,-,-,-,-,-,-
130,1,,,,,,,,,,,,,,,,,,,,,,
130,1,,,2,42.42,3.61,0.04,2,-,-,-,-,-,-,-,-,-,-,-,-,-,-,-
130,1,,,,,,,,,,,,,,,,,,,,,,
130,1,,,3,61.26,4.56,0.047,2,-,-,-,-,-,-,-,-,-,-,-,-,-,-,-
130,1,,,,,,,,,,,,,,,,,,,,,,
130,1,,,4,42.72,3.68,0.04,2,-,-,-,-,-,-,-,-,-,-,-,-,-,-,-
130,1,,,,,,,,,,,,,,,,,,,,,,
130,1,Labelle & Hu,ß (2018),1,48.204,9.4579,2,-,-,-,-,-,-,-,-,-,-,-,-,-,-,-,-
130,1,,,,,,,,,,,,,,,,,,,,,,
130,1,,,2,44.683,9.3722,2,-,-,-,-,-,-,-,-,-,-,-,-,-,-,-,-
130,1,,,,,,,,,,,,,,,,,,,,,,
130,1,Labelle et al.,(2016),1,1.0273,0.8319,-,-,-,-,-,-,-,-,-,-,-,-,-,-,-,-,-
130,1,,,,,,,,,,,,,,,,,,,,,,
130,1,,,2,0.7976,0.8588,-,-,-,-,-,-,-,-,-,-,-,-,-,-,-,-,-
130,1,,,,,,,,,,,,,,,,,,,,,,
130,1,Labelle et al.,(2019),1,70.18,5.301,0.06052,2,-,-,-,-,-,-,-,-,-,-,-,-,-,-,-
130,1,,,,,,,,,,,,,,,,,,,,,,
130,1,,,2,7.87,2.638,0.04544,2,-,-,-,-,-,-,-,-,-,-,-,-,-,-,-
130,1,,,,,,,,,,,,,,,,,,,,,,
130,1,,,3,22.24,1.482,0.00433,2,-,-,-,-,-,-,-,-,-,-,-,-,-,-,-
130,1,,,,,,,,,,,,,,,,,,,,,,
130,1,,,4,1.12,0.891,0.00783,2,-,-,-,-,-,-,-,-,-,-,-,-,-,-,-
130,1,,,,,,,,,,,,,,,,,,,,,,
130,1,,,5,2.938,54.87,16.56,2,-,-,-,-,-,-,-,-,-,-,-,-,-,-,-
130,1,,,,,,,,,,,,,,,,,,,,,,
130,1,,,6,18.17,31.92,20.63,2,-,-,-,-,-,-,-,-,-,-,-,-,-,-,-
130,1,,,,,,,,,,,,,,,,,,,,,,
130,1,,,7,5.573,20.18,1.835,2,-,-,-,-,-,-,-,-,-,-,-,-,-,-,-
130,1,,,,,,,,,,,,,,,,,,,,,,
130,1,,,8,4.743,17.44,2.445,2,-,-,-,-,-,-,-,-,-,-,-,-,-,-,-
130,1,,,,,,,,,,,,,,,,,,,,,,
130,1,Laina et al. (2,013),1,0.012,3.05,0.1,0.8,0.001,-,-,-,-,-,-,-,-,-,-,-,-,-,-
131,1,,,,,2,0.083,2.47,9.24,4.67,0.001,-,-,-,-,-,-,-,-,-,-,-,-,-,-
131,1,,,,,,,,,,,,,,,,,,,,,,,,
131,1,Laitila et al.,(,2016),,1,6.873,0.605,-,-,-,-,-,-,-,-,-,-,-,-,-,-,-,-,-
131,1,,,,,,,,,,,,,,,,,,,,,,,,
131,1,,,,,2,0.023,2375.177,1,-,-,-,-,-,-,-,-,-,-,-,-,-,-,-,-
131,1,,,,,,,,,,,,,,,,,,,,,,,,
131,1,,,,,3,12.456,1.667,-,-,-,-,-,-,-,-,-,-,-,-,-,-,-,-,-
131,1,,,,,,,,,,,,,,,,,,,,,,,,
131,1,,,,,4,12.599,2.455,-,-,-,-,-,-,-,-,-,-,-,-,-,-,-,-,-
131,1,,,,,,,,,,,,,,,,,,,,,,,,
131,1,,,,,5,4.628,0.116,-,-,-,-,-,-,-,-,-,-,-,-,-,-,-,-,-
131,1,,,,,,,,,,,,,,,,,,,,,,,,
131,1,,,,,6,1.799,0.09,-,-,-,-,-,-,-,-,-,-,-,-,-,-,-,-,-
131,1,,,,,,,,,,,,,,,,,,,,,,,,
131,1,Laitila & Vä,ä,täinen,(2014),1,9.163,0.859,-,-,-,-,-,-,-,-,-,-,-,-,-,-,-,-,-
131,1,,,,,,,,,,,,,,,,,,,,,,,,
131,1,,,,,2,4.542,6.176,1,-,-,-,-,-,-,-,-,-,-,-,-,-,-,-,-
131,1,,,,,,,,,,,,,,,,,,,,,,,,
131,1,,,,,3,10.592,3.857,-,-,-,-,-,-,-,-,-,-,-,-,-,-,-,-,-
131,1,,,,,,,,,,,,,,,,,,,,,,,,
131,1,Laitila & Vä,ä,täinen,(2020),1,0.168,4351.5,-,-,-,-,-,-,-,-,-,-,-,-,-,-,-,-,-
131,1,,,,,,,,,,,,,,,,,,,,,,,,
131,1,,,,,2,4.571,3.4,-,-,-,-,-,-,-,-,-,-,-,-,-,-,-,-,-
131,1,,,,,,,,,,,,,,,,,,,,,,,,
131,1,,,,,3,8.222,7.237,-,-,-,-,-,-,-,-,-,-,-,-,-,-,-,-,-
131,1,,,,,,,,,,,,,,,,,,,,,,,,
131,1,Laitila & Vä,ä,täinen,(2021),1,1.133,0.583×10-5,-,-,-,-,-,-,-,-,-,-,-,-,-,-,-,-,-
131,1,,,,,,,,,,,,,,,,,,,,,,,,
131,1,,,,,2,2.683,0.073,-,-,-,-,-,-,-,-,-,-,-,-,-,-,-,-,-
131,1,,,,,,,,,,,,,,,,,,,,,,,,
131,1,Laitila & Vä,ä,täinen,(2023),1,11.025,0.099,-,-,-,-,-,-,-,-,-,-,-,-,-,-,-,-,-
131,1,,,,,,,,,,,,,,,,,,,,,,,,
131,1,Laitila et al.,(,2013),,1,10.868,1.328,-,-,-,-,-,-,-,-,-,-,-,-,-,-,-,-,-
131,1,,,,,,,,,,,,,,,,,,,,,,,,
131,1,,,,,2,1.707,3.69,0.228,2,0.007,3,-,-,-,-,-,-,-,-,-,-,-,-,-
131,1,,,,,,,,,,,,,,,,,,,,,,,,
131,1,,,,,3,8.778,0.623,0.01,2,-,-,-,-,-,-,-,-,-,-,-,-,-,-,-
131,1,,,,,,,,,,,,,,,,,,,,,,,,
131,1,Laitila et al.,(,2020),,1,15.514,0.051,0.000105,2,-,-,-,-,-,-,-,-,-,-,-,-,-,-,-
131,1,,,,,,,,,,,,,,,,,,,,,,,,
131,1,Lazdiņš et al,.,(2019),,1,0.07073,2.03535,-,-,-,-,-,-,-,-,-,-,-,-,-,-,-,-,-
131,1,,,,,,,,,,,,,,,,,,,,,,,,
131,1,,,,,2,0.14166,1.76499,-,-,-,-,-,-,-,-,-,-,-,-,-,-,-,-,-
131,1,,,,,,,,,,,,,,,,,,,,,,,,
131,1,,,,,3,0.17848,1.74966,-,-,-,-,-,-,-,-,-,-,-,-,-,-,-,-,-
131,1,,,,,,,,,,,,,,,,,,,,,,,,
131,1,Lazdiņš (201,4,),,1,39.13,0.06,-,-,-,-,-,-,-,-,-,-,-,-,-,-,-,-,-
131,1,,,,,,,,,,,,,,,,,,,,,,,,
131,1,Lazdiņš et al,.,(2021),,1,0.3874,110.18,368,2,619.99,3,-,-,-,-,-,-,-,-,-,-,-,-,-
131,1,,,,,,,,,,,,,,,,,,,,,,,,
131,1,Lazdiņš et al,.,(2016),,1,0.29742,1.24747,-,-,-,-,-,-,-,-,-,-,-,-,-,-,-,-,-
131,1,,,,,,,,,,,,,,,,,,,,,,,,
131,1,,,,,2,629.48165,0.82643,-,-,-,-,-,-,-,-,-,-,-,-,-,-,-,-,-
131,1,,,,,,,,,,,,,,,,,,,,,,,,
131,1,Leszczyński,e,t al. (2,021),1,20.572,0.7283,-,-,-,-,-,-,-,-,-,-,-,-,-,-,-,-,-
131,1,,,,,,,,,,,,,,,,,,,,,,,,
131,1,,,,,2,16.7,0.7224,-,-,-,-,-,-,-,-,-,-,-,-,-,-,-,-,-
131,1,,,,,,,,,,,,,,,,,,,,,,,,
131,1,,,,,3,3.0486,0.6034,0.2021,-,-,-,-,-,-,-,-,-,-,-,-,-,-,-,-
131,1,,,,,,,,,,,,,,,,,,,,,,,,
131,1,,,,,4,3.2387,0.8093,-,-,-,-,-,-,-,-,-,-,-,-,-,-,-,-,-
131,1,,,,,,,,,,,,,,,,,,,,,,,,
131,1,,,,,5,5.6721,0.3855,-,-,-,-,-,-,-,-,-,-,-,-,-,-,-,-,-
131,1,,,,,,,,,,,,,,,,,,,,,,,,
131,1,,,,,,,,,,,,,131,,,,,,,,,,,
132,1,,,,6,3.6664,0.0886,-,-,-,-,-,-,-,-,-,-,-,-,-,-,-,-,-,-
132,1,,,,,,,,,,,,,,,,,,,,,,,,
132,1,Liski et al.,(20,20),1,5.188,5.445,0.261,6.168,2.241,1.775,4.504,3.574,5.159,3.496,2.224,0.424,0.948,1.215,89.39,58.62,2,24.12,36.65,2
132,1,,,,,,,,,,,,,,,,,,,,,,,,
132,1,,,,2,8.451,2.682,4.062,6.828,3.901,2.737,71.87,31.35,2,-,-,-,-,-,-,-,-,-,-,-
132,1,,,,,,,,,,,,,,,,,,,,,,,,
132,1,Louis & Ki,zha,(2021),1,13.86,0.2,9.26,-,-,-,-,-,-,-,-,-,-,-,-,-,-,-,-,-
132,1,,,,,,,,,,,,,,,,,,,,,,,,
132,1,,,,2,17.7,0.34,4.4,-,-,-,-,-,-,-,-,-,-,-,-,-,-,-,-,-
132,1,,,,,,,,,,,,,,,,,,,,,,,,
132,1,Magagnotti,et a,l. (2021),1,7.126,282.374,1.354,-,-,-,-,-,-,-,-,-,-,-,-,-,-,-,-,-
132,1,,,,,,,,,,,,,,,,,,,,,,,,
132,1,,,,2,0.167,198.547,0.637,-,-,-,-,-,-,-,-,-,-,-,-,-,-,-,-,-
132,1,,,,,,,,,,,,,,,,,,,,,,,,
132,1,,,,3,0.602,213.1,0.577,-,-,-,-,-,-,-,-,-,-,-,-,-,-,-,-,-
132,1,,,,,,,,,,,,,,,,,,,,,,,,
132,1,,,,4,0.399,206.078,19.648,-,-,-,-,-,-,-,-,-,-,-,-,-,-,-,-,-
132,1,,,,,,,,,,,,,,,,,,,,,,,,
132,1,Manner et a,l. (,2023),1,42.168,20.992,4.216,17.677,3.139,16.007,-,-,-,-,-,-,-,-,-,-,-,-,-,-
132,1,,,,,,,,,,,,,,,,,,,,,,,,
132,1,,,,2,61.2989,0.6681,-,-,-,-,-,-,-,-,-,-,-,-,-,-,-,-,-,-
132,1,,,,,,,,,,,,,,,,,,,,,,,,
132,1,McEwan et,al.,(2016),1,2.149,0.0009389,2,0.217,-,-,-,-,-,-,-,-,-,-,-,-,-,-,-,-
132,1,,,,,,,,,,,,,,,,,,,,,,,,
132,1,,,,2,19.672,0.057,2,4.942,6.653,-,-,-,-,-,-,-,-,-,-,-,-,-,-,-
132,1,,,,,,,,,,,,,,,,,,,,,,,,
132,1,,,,3,26.516,0.074,2,9.038,7.295,-,-,-,-,-,-,-,-,-,-,-,-,-,-,-
132,1,,,,,,,,,,,,,,,,,,,,,,,,
132,1,Mederski et,al.,(2016),1,7.892,1.2494,0.8587,1.3237,3.7631,5.255,-,-,-,-,-,-,-,-,-,-,-,-,-,-
132,1,,,,,,,,,,,,,,,,,,,,,,,,
132,1,,,,2,8.607,6.99,3.901,2.891,7.72,9.401,-,-,-,-,-,-,-,-,-,-,-,-,-,-
132,1,,,,,,,,,,,,,,,,,,,,,,,,
132,1,Norihiro et,al.,(2018),1,4.536,63.801,-,-,-,-,-,-,-,-,-,-,-,-,-,-,-,-,-,-
132,1,,,,,,,,,,,,,,,,,,,,,,,,
132,1,,,,2,5.8,102.784,-,-,-,-,-,-,-,-,-,-,-,-,-,-,-,-,-,-
132,1,,,,,,,,,,,,,,,,,,,,,,,,
132,1,,,,3,4.754,63.611,-,-,-,-,-,-,-,-,-,-,-,-,-,-,-,-,-,-
132,1,,,,,,,,,,,,,,,,,,,,,,,,
132,1,,,,4,3.283,53.041,-,-,-,-,-,-,-,-,-,-,-,-,-,-,-,-,-,-
132,1,,,,,,,,,,,,,,,,,,,,,,,,
132,1,,,,5,1.073,82.817,-,-,-,-,-,-,-,-,-,-,-,-,-,-,-,-,-,-
132,1,,,,,,,,,,,,,,,,,,,,,,,,
132,1,,,,6,1.085,84.778,-,-,-,-,-,-,-,-,-,-,-,-,-,-,-,-,-,-
132,1,,,,,,,,,,,,,,,,,,,,,,,,
132,1,,,,7,23.684,0.497,0.734,0.027,3.963,64.43,-,-,-,-,-,-,-,-,-,-,-,-,-,-
132,1,,,,,,,,,,,,,,,,,,,,,,,,
132,1,,,,8,0.847,1.189,83.087,-,-,-,-,-,-,-,-,-,-,-,-,-,-,-,-,-
132,1,,,,,,,,,,,,,,,,,,,,,,,,
132,1,,,,9,21.246,0.174,1.906,0.052,2.633,65.652,-,-,-,-,-,-,-,-,-,-,-,-,-,-
132,1,,,,,,,,,,,,,,,,,,,,,,,,
132,1,,,,10,3.283,53.041,-,-,-,-,-,-,-,-,-,-,-,-,-,-,-,-,-,-
132,1,,,,,,,,,,,,,,,,,,,,,,,,
132,1,,,,11,4.368,63.286,-,-,-,-,-,-,-,-,-,-,-,-,-,-,-,-,-,-
132,1,,,,,,,,,,,,,,,,,,,,,,,,
132,1,,,,12,1.052,83.114,-,-,-,-,-,-,-,-,-,-,-,-,-,-,-,-,-,-
132,1,,,,,,,,,,,,,,,,,,,,,,,,
132,1,,,,13,10.559,2.3,0.094,62.286,-,-,-,-,-,-,-,-,-,-,-,-,-,-,-,-
132,1,,,,,,,,,,,,,,,,,,,,,,,,
132,1,,,,14,4.979,1.455,0.003,73.665,-,-,-,-,-,-,-,-,-,-,-,-,-,-,-,-
132,1,,,,,,,,,,,,,,,,,,,,,,,,
132,1,,,,15,22.427,3.196,52.717,-,-,-,-,-,-,-,-,-,-,-,-,-,-,-,-,-
132,1,,,,,,,,,,,,,,,,,,,,,,,,
132,1,,,,16,20.197,2.064,40.857,-,-,-,-,-,-,-,-,-,-,-,-,-,-,-,-,-
133,1,,17,4.0582,67.3274,-,-,-,-,-,-,-,-,-,-,-,-,-,-,-,-,-
133,1,,,,,,,,,,,,,,,,,,,,,
133,1,Nuutinen & Björheden (2016),1,20.946,10.982,-,-,-,-,-,-,-,-,-,-,-,-,-,-,-,-,-
133,1,,,,,,,,,,,,,,,,,,,,,
133,1,Olivera et al. (2016),1,8.68,2.24,-,-,-,-,-,-,-,-,-,-,-,-,-,-,-,-,-
133,1,,,,,,,,,,,,,,,,,,,,,
133,1,,2,8.55,2.24,-,-,-,-,-,-,-,-,-,-,-,-,-,-,-,-,-
133,1,,,,,,,,,,,,,,,,,,,,,
133,1,,3,8.82,2.24,-,-,-,-,-,-,-,-,-,-,-,-,-,-,-,-,-
133,1,,,,,,,,,,,,,,,,,,,,,
133,1,,4,9.36,2.38,-,-,-,-,-,-,-,-,-,-,-,-,-,-,-,-,-
133,1,,,,,,,,,,,,,,,,,,,,,
133,1,,5,9.23,2.38,-,-,-,-,-,-,-,-,-,-,-,-,-,-,-,-,-
133,1,,,,,,,,,,,,,,,,,,,,,
133,1,,6,9.5,2.38,-,-,-,-,-,-,-,-,-,-,-,-,-,-,-,-,-
133,1,,,,,,,,,,,,,,,,,,,,,
133,1,,7,9.34,2.38,-,-,-,-,-,-,-,-,-,-,-,-,-,-,-,-,-
133,1,,,,,,,,,,,,,,,,,,,,,
133,1,,8,10.02,2.49,-,-,-,-,-,-,-,-,-,-,-,-,-,-,-,-,-
133,1,,,,,,,,,,,,,,,,,,,,,
133,1,,9,9.9,2.49,-,-,-,-,-,-,-,-,-,-,-,-,-,-,-,-,-
133,1,,,,,,,,,,,,,,,,,,,,,
133,1,,10,10.16,2.49,-,-,-,-,-,-,-,-,-,-,-,-,-,-,-,-,-
133,1,,,,,,,,,,,,,,,,,,,,,
133,1,,11,9.06,2.33,-,-,-,-,-,-,-,-,-,-,-,-,-,-,-,-,-
133,1,,,,,,,,,,,,,,,,,,,,,
133,1,,12,8.93,2.33,-,-,-,-,-,-,-,-,-,-,-,-,-,-,-,-,-
133,1,,,,,,,,,,,,,,,,,,,,,
133,1,,13,9.2,2.33,-,-,-,-,-,-,-,-,-,-,-,-,-,-,-,-,-
133,1,,,,,,,,,,,,,,,,,,,,,
133,1,,14,9.04,2.33,-,-,-,-,-,-,-,-,-,-,-,-,-,-,-,-,-
133,1,,,,,,,,,,,,,,,,,,,,,
133,1,Petitmermet et al. (2019),1,8.11,1.38,0.24,-,-,-,-,-,-,-,-,-,-,-,-,-,-,-,-
133,1,,,,,,,,,,,,,,,,,,,,,
133,1,,2,10.03,1.41,1.21,0.23,-,-,-,-,-,-,-,-,-,-,-,-,-,-,-
133,1,,,,,,,,,,,,,,,,,,,,,
133,1,,3,9.95,1.33,0.25,0.22,-,-,-,-,-,-,-,-,-,-,-,-,-,-,-
133,1,,,,,,,,,,,,,,,,,,,,,
133,1,,4,10.14,1.38,1.25,0.24,0.23,-,-,-,-,-,-,-,-,-,-,-,-,-,-
133,1,,,,,,,,,,,,,,,,,,,,,
133,1,,5,8.12,0.24,1.38,1.34,-,-,-,-,-,-,-,-,-,-,-,-,-,-,-
133,1,,,,,,,,,,,,,,,,,,,,,
133,1,,6,10.02,0.25,0.22,1.35,1.22,-,-,-,-,-,-,-,-,-,-,-,-,-,-
133,1,,,,,,,,,,,,,,,,,,,,,
133,1,,7,10.17,0.24,1.43,1.24,1.28,0.97,-,-,-,-,-,-,-,-,-,-,-,-,-
133,1,,,,,,,,,,,,,,,,,,,,,
133,1,,8,10.25,0.24,0.23,1.41,1.26,1.23,1.11,-,-,-,-,-,-,-,-,-,-,-,-
133,1,,,,,,,,,,,,,,,,,,,,,
133,1,Petty & Kärhä (2014),1,6.2767,1.1761,-,-,-,-,-,-,-,-,-,-,-,-,-,-,-,-,-
133,1,,,,,,,,,,,,,,,,,,,,,
133,1,,2,6.975,2.2988,-,-,-,-,-,-,-,-,-,-,-,-,-,-,-,-,-
133,1,,,,,,,,,,,,,,,,,,,,,
133,1,,3,7.0881,2.2207,-,-,-,-,-,-,-,-,-,-,-,-,-,-,-,-,-
133,1,,,,,,,,,,,,,,,,,,,,,
133,1,,4,6.7882,1.9506,-,-,-,-,-,-,-,-,-,-,-,-,-,-,-,-,-
133,1,,,,,,,,,,,,,,,,,,,,,
133,1,,5,7.3276,1.8173,-,-,-,-,-,-,-,-,-,-,-,-,-,-,-,-,-
133,1,,,,,,,,,,,,,,,,,,,,,
133,1,,6,6.6237,1.4486,-,-,-,-,-,-,-,-,-,-,-,-,-,-,-,-,-
133,1,,,,,,,,,,,,,,,,,,,,,
133,1,,7,13.865,1.741,-,-,-,-,-,-,-,-,-,-,-,-,-,-,-,-,-
133,1,,,,,,,,,,,,,,,,,,,,,
133,1,,8,3.678,0.494,0.072,2,-,-,-,-,-,-,-,-,-,-,-,-,-,-,-
133,1,,,,,,,,,,,,,,,,,,,,,
133,1,,,,,,,,,,133,,,,,,,,,,,
134,1,,9,3.225,0.487,0.065,2,-,-,-,-,-,-,-,-,-,-,-,-,-,-,-
134,1,,,,,,,,,,,,,,,,,,,,,
134,1,,10,0.868,0.41,0.065,2,-,-,-,-,-,-,-,-,-,-,-,-,-,-,-
134,1,,,,,,,,,,,,,,,,,,,,,
134,1,,11,0.318,0.494,0.065,2,-,-,-,-,-,-,-,-,-,-,-,-,-,-,-
134,1,,,,,,,,,,,,,,,,,,,,,
134,1,,12,0.069,0.48,0.06,2,-,-,-,-,-,-,-,-,-,-,-,-,-,-,-
134,1,,,,,,,,,,,,,,,,,,,,,
134,1,,13,0.425,0.577,0.064,2,-,-,-,-,-,-,-,-,-,-,-,-,-,-,-
134,1,,,,,,,,,,,,,,,,,,,,,
134,1,Polowy & Molińska-Glura (2023),1,9.36,19.217,0.197,0.148,0.411,-,-,-,-,-,-,-,-,-,-,-,-,-,-
134,1,,,,,,,,,,,,,,,,,,,,,
134,1,,2,18.268,0.272,-,-,-,-,-,-,-,-,-,-,-,-,-,-,-,-,-
134,1,,,,,,,,,,,,,,,,,,,,,
134,1,,3,6.457,18.604,0.212,0.847,-,-,-,-,-,-,-,-,-,-,-,-,-,-,-
134,1,,,,,,,,,,,,,,,,,,,,,
134,1,Prinz et al. (2021),1,24.922,0.004,-,-,-,-,-,-,-,-,-,-,-,-,-,-,-,-,-
134,1,,,,,,,,,,,,,,,,,,,,,
134,1,,2,17.813,0.004,-,-,-,-,-,-,-,-,-,-,-,-,-,-,-,-,-
134,1,,,,,,,,,,,,,,,,,,,,,
134,1,,3,16.408,0.199,5.046×10-6,2,3.224×10-7,3,-,-,-,-,-,-,-,-,-,-,-,-,-
134,1,,,,,,,,,,,,,,,,,,,,,
134,1,,4,32.603,0.138,0.001,2,4.196×10-7,3,-,-,-,-,-,-,-,-,-,-,-,-,-
134,1,,,,,,,,,,,,,,,,,,,,,
134,1,Ramantswana et al. (2013),1,1.6472,38.33,15.3379,2,-,-,-,-,-,-,-,-,-,-,-,-,-,-,-
134,1,,,,,,,,,,,,,,,,,,,,,
134,1,,2,2.494,61.9498,26.5277,2,-,-,-,-,-,-,-,-,-,-,-,-,-,-,-
134,1,,,,,,,,,,,,,,,,,,,,,
134,1,,3,1.5782,83.9645,56.0942,2,-,-,-,-,-,-,-,-,-,-,-,-,-,-,-
134,1,,,,,,,,,,,,,,,,,,,,,
134,1,,4,2.0316,39.2977,31.1302,22.5507,2,32.9884,2,0.7631,2,4.3548,-,-,-,-,-,-,-,-,-
134,1,,,,,,,,,,,,,,,,,,,,,
134,1,,5,6.63929,18.28758,22.57935,-,-,-,-,-,-,-,-,-,-,-,-,-,-,-,-
134,1,,,,,,,,,,,,,,,,,,,,,
134,1,,6,55.0268,18.7607,42.3987,2,-,-,-,-,-,-,-,-,-,-,-,-,-,-,-
134,1,,,,,,,,,,,,,,,,,,,,,
134,1,,7,7.874,23.5913,34.0938,317.7122,2,3.1287,-,-,-,-,-,-,-,-,-,-,-,-,-
134,1,,,,,,,,,,,,,,,,,,,,,
134,1,,8,1.5565,40.5616,32.6461,17.5555,2,46.3467,2,-,-,-,-,-,-,-,-,-,-,-,-
134,1,,,,,,,,,,,,,,,,,,,,,
134,1,,9,1.498,62.6611,26.0416,2,0.9736,-,-,-,-,-,-,-,-,-,-,-,-,-,-
134,1,,,,,,,,,,,,,,,,,,,,,
134,1,Rosińska et al. (2022),1,15.1335,1.6846,-,-,-,-,-,-,-,-,-,-,-,-,-,-,-,-,-
134,1,,,,,,,,,,,,,,,,,,,,,
134,1,,2,25.3302,5.7387,0.1191,2,-,-,-,-,-,-,-,-,-,-,-,-,-,-,-
134,1,,,,,,,,,,,,,,,,,,,,,
134,1,,3,6.004,45.722,0.507,0.329,-,-,-,-,-,-,-,-,-,-,-,-,-,-,-
134,1,,,,,,,,,,,,,,,,,,,,,
134,1,,4,18.1448,1.8201,-,-,-,-,-,-,-,-,-,-,-,-,-,-,-,-,-
134,1,,,,,,,,,,,,,,,,,,,,,
134,1,,5,12.449,1.5411,-,-,-,-,-,-,-,-,-,-,-,-,-,-,-,-,-
134,1,,,,,,,,,,,,,,,,,,,,,
134,1,,6,19.2,0.623,2.79,0.019,0.026,2,0.092,2,-,-,-,-,-,-,-,-,-,-,-
134,1,,,,,,,,,,,,,,,,,,,,,
134,1,Santos et al. (2022),1,10.43,57.07,62.96,2,-,-,-,-,-,-,-,-,-,-,-,-,-,-,-
134,1,,,,,,,,,,,,,,,,,,,,,
134,1,Santos et al. (2021),1,15,0.5845,0.1969,2,-,-,-,-,-,-,-,-,-,-,-,-,-,-,-
134,1,,,,,,,,,,,,,,,,,,,,,
134,1,Santos et al. (2020),1,7.72,5.691×10-6,2,2.56×10-4,2,7.986×10-5,-,-,-,-,-,-,-,-,-,-,-,-,-
134,1,,,,,,,,,,,,,,,,,,,,,
134,1,,2,3.97,4.97×10-6,2,2.339×10-4,2,6.867×10-5,-,-,-,-,-,-,-,-,-,-,-,-,-
134,1,,,,,,,,,,,,,,,,,,,,,
134,1,,3,215.54,0.0905,1.80×10-5,2,0.764,0.00109,2,5.857×10-5,-,-,-,-,-,-,-,-,-,-,-
135,1,,,,4,15.9922,1.058×10-6,2,6.84×10-5,2,-,-,-,-,-,-,-,-,-,-,-,-,-,-
135,1,,,,,,,,,,,,,,,,,,,,,,,
135,1,,,,5,8.57,2.514×10-7,2,1.483×10-5,2,-,-,-,-,-,-,-,-,-,-,-,-,-,-
135,1,,,,,,,,,,,,,,,,,,,,,,,
135,1,,,,6,25.72,1.42×10-5,2,6.38×10-4,2,2.036×10-4,-,-,-,-,-,-,-,-,-,-,-,-,-
135,1,,,,,,,,,,,,,,,,,,,,,,,
135,1,,,,7,11.21,1.04×10-5,2,4.53×10-4,2,1.449×10-4,-,-,-,-,-,-,-,-,-,-,-,-,-
135,1,,,,,,,,,,,,,,,,,,,,,,,
135,1,,,,8,38.4,0.1876,1.56×10-6,2,-,-,-,-,-,-,-,-,-,-,-,-,-,-,-
135,1,,,,,,,,,,,,,,,,,,,,,,,
135,1,Schweier e,t al,. (2015),1,7.8618,0.4392,8.626,-,-,-,-,-,-,-,-,-,-,-,-,-,-,-,-
135,1,,,,,,,,,,,,,,,,,,,,,,,
135,1,,,,2,21.1914,0.492,13.742,-,-,-,-,-,-,-,-,-,-,-,-,-,-,-,-
135,1,,,,,,,,,,,,,,,,,,,,,,,
135,1,,,,3,23.1072,0.2046,-,-,-,-,-,-,-,-,-,-,-,-,-,-,-,-,-
135,1,,,,,,,,,,,,,,,,,,,,,,,
135,1,,,,4,22.5648,0.0006,-,-,-,-,-,-,-,-,-,-,-,-,-,-,-,-,-
135,1,,,,,,,,,,,,,,,,,,,,,,,
135,1,,,,5,16.4532,0.0396,0.000236,2,-,-,-,-,-,-,-,-,-,-,-,-,-,-,-
135,1,,,,,,,,,,,,,,,,,,,,,,,
135,1,Slugeň et a,l. (,2014),1,0.3342,0.273,-,-,-,-,-,-,-,-,-,-,-,-,-,-,-,-,-
135,1,,,,,,,,,,,,,,,,,,,,,,,
135,1,Soman et a,l. (,2020),1,1.247,0.008,0.036,-,-,-,-,-,-,-,-,-,-,-,-,-,-,-,-
135,1,,,,,,,,,,,,,,,,,,,,,,,
135,1,,,,2,1.053,0.127,-,-,-,-,-,-,-,-,-,-,-,-,-,-,-,-,-
135,1,,,,,,,,,,,,,,,,,,,,,,,
135,1,,,,3,1.193,0.033,0.005,0.036,-,-,-,-,-,-,-,-,-,-,-,-,-,-,-
135,1,,,,,,,,,,,,,,,,,,,,,,,
135,1,Soman et a,l. (,2019),1,0.99,1.05,0.83,1.02,4.02,-,-,-,-,-,-,-,-,-,-,-,-,-,-
135,1,,,,,,,,,,,,,,,,,,,,,,,
135,1,,,,2,19.45,0.35,0.43,0.32,3.98,2.050,-,-,-,-,-,-,-,-,-,-,-,-,-
135,1,,,,,,,,,,,,,,,,,,,,,,,
135,1,Sperandio,et a,l. (2021),1,137.59,0.133,-,-,-,-,-,-,-,-,-,-,-,-,-,-,-,-,-
135,1,,,,,,,,,,,,,,,,,,,,,,,
135,1,,,,2,50.519,0.1596,-,-,-,-,-,-,-,-,-,-,-,-,-,-,-,-,-
135,1,,,,,,,,,,,,,,,,,,,,,,,
135,1,,,,3,0.042,1.1422,-,-,-,-,-,-,-,-,-,-,-,-,-,-,-,-,-
135,1,,,,,,,,,,,,,,,,,,,,,,,
135,1,,,,4,0.1188,0.8404,-,-,-,-,-,-,-,-,-,-,-,-,-,-,-,-,-
135,1,,,,,,,,,,,,,,,,,,,,,,,
135,1,Spinelli et,al.,(2014),1,21.863,0.163,31.424,-,-,-,-,-,-,-,-,-,-,-,-,-,-,-,-
135,1,,,,,,,,,,,,,,,,,,,,,,,
135,1,Spinelli &,De,Arruda Moura,,,,,,,,,,,,,,,,,,,,
135,1,,,,1,31.329,19.278,1.343,-,-,-,-,-,-,-,-,-,-,-,-,-,-,-,- -
135,1,(2019),,,,,,,,,,,,,,,,,,,,,,
135,1,,,,,,,,,,,,,,,,,,,,,,,
135,1,Spinelli et,al.,(2022),1,34.372,0.272,7.392,4.529,-,-,-,-,-,-,-,-,-,-,-,-,-,-,-
135,1,,,,,,,,,,,,,,,,,,,,,,,
135,1,Spinelli et,al.,(2023),1,1.131,0.04,0.01,-,-,-,-,-,-,-,-,-,-,-,-,-,-,-,-
135,1,,,,,,,,,,,,,,,,,,,,,,,
135,1,Spinelli et,al.,(2020a),1,65.24,0.886,34.646,-,-,-,-,-,-,-,-,-,-,-,-,-,-,-,-
135,1,,,,,,,,,,,,,,,,,,,,,,,
135,1,,,,2,80.732,0.614,-,-,-,-,-,-,-,-,-,-,-,-,-,-,-,-,-
135,1,,,,,,,,,,,,,,,,,,,,,,,
135,1,Spinelli et,al.,(2020b),1,71.149,8.737,-,-,-,-,-,-,-,-,-,-,-,-,-,-,-,-,-
135,1,,,,,,,,,,,,,,,,,,,,,,,
135,1,,,,2,303.109,1.535,-,-,-,-,-,-,-,-,-,-,-,-,-,-,-,-,-
135,1,,,,,,,,,,,,,,,,,,,,,,,
135,1,,,,3,18.842,0.044,-,-,-,-,-,-,-,-,-,-,-,-,-,-,-,-,-
135,1,,,,,,,,,,,,,,,,,,,,,,,
135,1,Stoilov et,al. (,2021),1,13.73,0.056,3.7,5.94,-,-,-,-,-,-,-,-,-,-,-,-,-,-,-
135,1,,,,,,,,,,,,,,,,,,,,,,,
135,1,,,,2,0.0764,-,-,-,-,-,-,-,-,-,-,-,-,-,-,-,-,-,-
135,1,,,,,,,,,,,,,,,,,,,,,,,
135,1,,,,,,,,,,,,135,,,,,,,,,,,
136,1,,,,,3,14.59,0.018,2.16,-,-,-,-,-,-,-,-,-,-,-,-,-,-,-,-
136,1,,,,,,,,,,,,,,,,,,,,,,,,
136,1,,,,,4,12.21,0.029,-,-,-,-,-,-,-,-,-,-,-,-,-,-,-,-,-
136,1,,,,,,,,,,,,,,,,,,,,,,,,
136,1,Strandgard,&,Mitchell,(2018),1,1.01,2.44341,0.0224328,0.281459,-,-,-,-,-,-,-,-,-,-,-,-,-,-,-
136,1,,,,,,,,,,,,,,,,,,,,,,,,
136,1,,,,,2,1.01,2.66535,0.192202,-,-,-,-,-,-,-,-,-,-,-,-,-,-,-,-
136,1,,,,,,,,,,,,,,,,,,,,,,,,
136,1,,,,,3,1.01,2.67646,0.20921,-,-,-,-,-,-,-,-,-,-,-,-,-,-,-,-
136,1,,,,,,,,,,,,,,,,,,,,,,,,
136,1,,,,,4,1.98179,0.532718,-,-,-,-,-,-,-,-,-,-,-,-,-,-,-,-,-
136,1,,,,,,,,,,,,,,,,,,,,,,,,
136,1,,,,,5,1.01,1.80586,0.0310813,0.360245,-,-,-,-,-,-,-,-,-,-,-,-,-,-,-
136,1,,,,,,,,,,,,,,,,,,,,,,,,
136,1,,,,,6,1.02,1.79123,0.0435792,0.290831,-,-,-,-,-,-,-,-,-,-,-,-,-,-,-
136,1,,,,,,,,,,,,,,,,,,,,,,,,
136,1,,,,,7,1.02,2.12057,0.261395,-,-,-,-,-,-,-,-,-,-,-,-,-,-,-,-
136,1,,,,,,,,,,,,,,,,,,,,,,,,
136,1,Strandgard,&,Mitchell,(2019),1,0.0094,0.44,-,-,-,-,-,-,-,-,-,-,-,-,-,-,-,-,-
136,1,,,,,,,,,,,,,,,,,,,,,,,,
136,1,,,,,2,68.1,0.47,-,-,-,-,-,-,-,-,-,-,-,-,-,-,-,-,-
136,1,,,,,,,,,,,,,,,,,,,,,,,,
136,1,,,,,3,0.0114,0.39,-,-,-,-,-,-,-,-,-,-,-,-,-,-,-,-,-
136,1,,,,,,,,,,,,,,,,,,,,,,,,
136,1,,,,,4,58.8,0.57,-,-,-,-,-,-,-,-,-,-,-,-,-,-,-,-,-
136,1,,,,,,,,,,,,,,,,,,,,,,,,
136,1,Strandgard,&,Mitchell,(2020),1,114.4,0.946,-,-,-,-,-,-,-,-,-,-,-,-,-,-,-,-,-
136,1,,,,,,,,,,,,,,,,,,,,,,,,
136,1,,,,,2,0.88,0.244,-,-,-,-,-,-,-,-,-,-,-,-,-,-,-,-,-
136,1,,,,,,,,,,,,,,,,,,,,,,,,
136,1,,,,,3,70.7,0.756,-,-,-,-,-,-,-,-,-,-,-,-,-,-,-,-,-
136,1,,,,,,,,,,,,,,,,,,,,,,,,
136,1,Strandgard,et,al. (2016,),1,0.655,58.72,0.036,-,-,-,-,-,-,-,-,-,-,-,-,-,-,-,-
136,1,,,,,,,,,,,,,,,,,,,,,,,,
136,1,,,,,2,5.62,57.84,-,-,-,-,-,-,-,-,-,-,-,-,-,-,-,-,-
136,1,,,,,,,,,,,,,,,,,,,,,,,,
136,1,Strandgard,et,al. (2015,),1,222.9,0.13,0.751,-,-,-,-,-,-,-,-,-,-,-,-,-,-,-,-
136,1,,,,,,,,,,,,,,,,,,,,,,,,
136,1,Tajbos & M,es,singerov,a (2014),1,1.0549,2.3522,-,-,-,-,-,-,-,-,-,-,-,-,-,-,-,-,-
136,1,,,,,,,,,,,,,,,,,,,,,,,,
136,1,,,,,2,0.48,4.29,-,-,-,-,-,-,-,-,-,-,-,-,-,-,-,-,-
136,1,,,,,,,,,,,,,,,,,,,,,,,,
136,1,,,,,3,0.1876,0.0487,-,-,-,-,-,-,-,-,-,-,-,-,-,-,-,-,-
136,1,,,,,,,,,,,,,,,,,,,,,,,,
136,1,,,,,4,0.0182,0.0458,-,-,-,-,-,-,-,-,-,-,-,-,-,-,-,-,-
136,1,,,,,,,,,,,,,,,,,,,,,,,,
136,1,,,,,5,0.2792,0.1172,-,-,-,-,-,-,-,-,-,-,-,-,-,-,-,-,-
136,1,,,,,,,,,,,,,,,,,,,,,,,,
136,1,,,,,6,0.017,0.2049,-,-,-,-,-,-,-,-,-,-,-,-,-,-,-,-,-
136,1,,,,,,,,,,,,,,,,,,,,,,,,
136,1,Tolosana et,al,. (2023),,1,0.711,1.328,-,-,-,-,-,-,-,-,-,-,-,-,-,-,-,-,-
136,1,,,,,,,,,,,,,,,,,,,,,,,,
136,1,,,,,2,1.573,1.218,-,-,-,-,-,-,-,-,-,-,-,-,-,-,-,-,-
136,1,,,,,,,,,,,,,,,,,,,,,,,,
136,1,,,,,3,11.77,2.73,0.233,4.93,0.124,-,-,-,-,-,-,-,-,-,-,-,-,-,-
136,1,,,,,,,,,,,,,,,,,,,,,,,,
136,1,Tolosana et,al,. (2018),,1,1.66,0.0464,0.105,1.105,-,-,-,-,-,-,-,-,-,-,-,-,-,-,-
136,1,,,,,,,,,,,,,,,,,,,,,,,,
136,1,,,,,2,1.31,0.0367,0.083,0.873,-,-,-,-,-,-,-,-,-,-,-,-,-,-,-
136,1,,,,,,,,,,,,,,,,,,,,,,,,
136,1,Townsend e,t a,l. (2019),,1,0.2709,0.1415,-,-,-,-,-,-,-,-,-,-,-,-,-,-,-,-,-
136,1,,,,,,,,,,,,,,,,,,,,,,,,
136,1,,,,,2,0.517,0.1079,-,-,-,-,-,-,-,-,-,-,-,-,-,-,-,-,-
136,1,,,,,,,,,,,,,,,,,,,,,,,,
136,1,,,,,,,,,,,,,136,,,,,,,,,,,
137,1,,,,3,0.4415,0.1204,-,-,-,-,-,-,-,-,-,-,-,-,-,-,-,-,-
137,1,,,,,,,,,,,,,,,,,,,,,,,
137,1,,,,4,0.2274,0.1442,0.0347,0.0228,0.1883,-,-,-,-,-,-,-,-,-,-,-,-,-,-
137,1,,,,,,,,,,,,,,,,,,,,,,,
137,1,,,,5,0.3864,0.0644,0.206,-,-,-,-,-,-,-,-,-,-,-,-,-,-,-,-
137,1,,,,,,,,,,,,,,,,,,,,,,,
137,1,Walsh &,S,trandgard (2014),1,71.7,38.4,-,-,-,-,-,-,-,-,-,-,-,-,-,-,-,-,-
137,1,,,,,,,,,,,,,,,,,,,,,,,
137,1,,,,2,62.1,51.3,-,-,-,-,-,-,-,-,-,-,-,-,-,-,-,-,-
137,1,,,,,,,,,,,,,,,,,,,,,,,
137,1,Walsh et,a,l. (2014),1,68.66,33.617,-,-,-,-,-,-,-,-,-,-,-,-,-,-,-,-,-
137,1,,,,,,,,,,,,,,,,,,,,,,,
137,1,,,,2,63.768,35.231,-,-,-,-,-,-,-,-,-,-,-,-,-,-,-,-,-
137,1,,,,,,,,,,,,,,,,,,,,,,,
137,1,Williams,,& Ackerman (2016),1,9.14,1.34,1.91,0.52,-,-,-,-,-,-,-,-,-,-,-,-,-,-,-
137,1,,,,,,,,,,,,,,,,,,,,,,,
137,1,Zimelis e,t,al. (2020),1,0.46,0.01,0,2,-,-,-,-,-,-,-,-,-,-,-,-,-,-,-
137,1,,,,,,,,,,,,,,,,,,,,,,,
137,1,,,,2,2.73,0.76,0,2,-,-,-,-,-,-,-,-,-,-,-,-,-,-,-
137,1,,,,,,,,,,,,,,,,,,,,,,,
137,1,Zimelis e,t,al. (2018),1,1.8270908,0.7001146,-,-,-,-,-,-,-,-,-,-,-,-,-,-,-,-,-
137,1,,,,,,,,,,,,,,,,,,,,,,,
137,1,,,,2,0.2138,0.0274,0.0025,2,-,-,-,-,-,-,-,-,-,-,-,-,-,-,-
137,1,,,,,,,,,,,,,,,,,,,,,,,
137,1,Zimelis e,t,al. (2019),1,1.06,0.98,0.12,2,0.01,3,-,-,-,-,-,-,-,-,-,-,-,-,-
137,1,,,,,,,,,,,,,,,,,,,,,,,
137,1,,,,2,0.32,0.25,0.13,2,0.01,3,-,-,-,-,-,-,-,-,-,-,-,-,-
137,1,,,,,,,,,,,,,,,,,,,,,,,
137,1,Zimelis e,t,al. (2017a),1,22.271,11.398,-,-,-,-,-,-,-,-,-,-,-,-,-,-,-,-,-
137,1,,,,,,,,,,,,,,,,,,,,,,,
137,1,,,,2,19.965,9.8097,-,-,-,-,-,-,-,-,-,-,-,-,-,-,-,-,-
137,1,,,,,,,,,,,,,,,,,,,,,,,
137,1,,,,3,12.519,2.668,0.0177,2,-,-,-,-,-,-,-,-,-,-,-,-,-,-,-
137,1,,,,,,,,,,,,,,,,,,,,,,,
137,1,,,,4,4.4214,1.3096,0.0127,2,-,-,-,-,-,-,-,-,-,-,-,-,-,-,-
137,1,,,,,,,,,,,,,,,,,,,,,,,
137,1,Zimelis e,t,al. (2017b),1,0.0626,0.0678,2,0.0014,3,-,-,-,-,-,-,-,-,-,-,-,-,-,-
137,1,,,,,,,,,,,,,,,,,,,,,,,
137,1,,,,2,0.8074,0.2731,0.0899,2,0.0021,3,-,-,-,-,-,-,-,-,-,-,-,-,-
137,1,,,,,,,,,,,,,,,,,,,,,,,
137,1,,,,3,0.1691,0.5005,-,-,-,-,-,-,-,-,-,-,-,-,-,-,-,-,-
137,1,,,,,,,,,,,,,,,,,,,,,,,
137,1,Zimelis &,,Spalva (2022),1,5.3703,1.4103,0.0191,2,-,-,-,-,-,-,-,-,-,-,-,-,-,-,-
137,1,,,,,,,,,,,,,,,,,,,,,,,
137,1,,,,2,141.55,4.3887,-,-,-,-,-,-,-,-,-,-,-,-,-,-,-,-,-
137,1,,,,,,,,,,,,,,,,,,,,,,,
137,1,Zimelis e,t,al. (2016),1,0.14736,1.4508,-,-,-,-,-,-,-,-,-,-,-,-,-,-,-,-,-
137,1,,,,,,,,,,,,,,,,,,,,,,,
137,1,,,,,,,,,,,,137,,,,,,,,,,,
