101,1,Appen,d,ix,8.,Mode,ls,,,,,,,,
101,1,,,,,,,,,,,,,,
101,1,Information,r,ega,rding,models. nr,= model nu,mber; H,M = harv,esting,"method,",CTL,"= cut-to-length, FT","= full-tree, B (FT) = feller-buncher producing bundles",", * = see"
101,1,,,,,,,,,,,,,,
101,1,appendix 3,fo,r in,form,ation regard,ing harvesti,ng metho,d; M =,machin,"e type, H",= har,"vester, H Sim = ha","rvester simulation, FB = feller-buncher (swing-boom),",FB DT =
101,1,,,,,,,,,,,,,,
101,1,drive-to-tre,e f,ell,er-bu,"ncher, FB S",im = feller-b,uncher s,imulatio,"n, HW",= harwa,"rder, S",H = skidder-harves,"ter; BM = base machine, EB = excavator-based, PB =",purpose-
101,1,,,,,,,,,,,,,,
101,1,built; Pr =,Pr,opu,lsion,"type, CT =",continuous t,"racks, R",W = rubb,er whe,els; DV,Type =,dependent variabl,"e type, Productivity = PV (volume/time), PW (weight/t","ime), PU"
101,1,,,,,,,,,,,,,,
101,1,(units/time),", T",im,e per,unit of outp,ut = TV (tim,e/volum,"e), TW (",time/w,"eight), T",U (tim,"e/unit), W = time fo","r work cycle, E = time for element(s) regarding handlin","g of tree,"
101,1,,,,,,,,,,,,,,
101,1,M = time f,or,mo,"ving,",L = time fo,r loading; D,V = depe,ndent va,riable.,,,,,
101,1,,,,,,,,,,,,,,
101,1,Author(s),,,,n,r HM,M,GM,PR,DV,DV,,,
101,1,,,,,,,,,,,,,,
101,1,,,,,,,,,,,,,Models,
101,1,,,,,,,,,,,,,,
101,1,,,,,,,,,,Type,,,,
101,1,Ackerman,et,al.,(2018,) 1,CTL,H,EB,CT,PV,(m³ub,PMh⁻¹),aV₃b,
101,1,,,,,2,CTL,H,PB,CT,PV,(m³ub,PMh⁻¹),a+bV₃,
101,1,,,,,,,,,,,,,,
101,1,,,,,3,CTL,H,EB,CT,PV,(m³ub,PMh⁻¹),a+bV₃-cS₁,
101,1,,,,,4,CTL,H,PB,CT,PV,(m³ub,PMh⁻¹),a+bV₃+cS₁,
101,1,,,,,5,CTL,H,EB,CT,PV,(m³ub,PMh⁻¹),a+bV₃-cS₁-dV₃S₁,
101,1,,,,,,,,,,,,,,
101,1,,,,,6,CTL,H,PB,CT,PV,(m³ub,PMh⁻¹),a+bV₃+cS₁-dV₃S₁,
101,1,Ackerman,et,al.,(2021,) 1,CTL,H,PB,RW,PV,(m³ P,Mh⁻¹),a/((b+expD₁-c)d)-expeD₁,
101,1,,,,,2,CTL,H,PB,RW,PV,(m³ P,Mh⁻¹),a+bE₉+α/((c+expD₁-d(-e))-expD₁(f+gE₉),
101,1,Ackerman,et,al.,(2022,) 1,CTL,HW,PB,RW,PV,(m³ P,Mh⁻¹),aV₁b,
101,1,,,,,2,CTL,HW,PB,RW,PV,(m³ P,Mh⁻¹),aV₁b,
101,1,Acosta et a,l. (,20,21),1,CTL,H,EB,CT,PV,(m³ h⁻¹,),-a+bV₁,
101,1,Acuna et al,. (,20,17),1,CTL,H,EB,CT,PV,(m³ub,PMh⁻¹),expa-bO₁₂+cln(V₃),
101,1,Alam et al.,(2,01,4),1,CTL,H,PB,CT,PV,(m³ P,Mh⁻¹),a+bln(V₁),
102,1,,,,,2,CTL,H,PB,CT,PV,(m³ PMh,⁻,¹),a+bln(V₁)
102,1,,,,,3,CTL,H,PB,CT,PV,(m³ PMh,⁻,¹),a+bln(V₁)
102,1,,,,,,,,,,,,,,
102,1,,,,,4,CTL,H,PB,CT,PV,(m³ PMh,⁻,¹),a+bln(V₁)
102,1,Apăfăian e,t a,l. (,2017),1,CTL,H,PB,RW,E,delimb (,s),,aexpbM₄
102,1,,,,,2,CTL,H,PB,RW,E,"delimb,",b,uck (s),aexpbV₁
102,1,,,,,3,CTL,H,PB,RW,W,cycle (s),,,aexpbV₁
102,1,,,,,4,CTL,H,PB,RW,W,cycle (s),,,a+bV₁
102,1,,,,,5,CTL,H,PB,RW,PV,(m³ h⁻¹),,,aV₁b
102,1,,,,,,,,,,,,,,b
102,1,Berendt et,al.,(2,020),1,CTL,H,PB,RW,PV,(m³ PMh,0,⁻¹),aV₁
102,1,Berg et al.,(2,014,),1,CTL,H Sim,PB,RW,PV,(m³ PMh,⁻,¹),a+bD₅-cD₅d-eln(D₅)
102,1,,,,,2,CTL,H Sim,PB,RW,PV,(m³ PMh,⁻,¹),a+bV₁+cV₁d+eln(V₁)
102,1,,,,,3,*FT,FB Sim,PB,RW,PV,(m³ PMh,⁻,¹),-a+bD₅-cD₅d
102,1,,,,,4,*FT,FB Sim,PB,RW,PV,(m³ PMh,⁻,¹),a+bV₁-cV₁d+eln(V₁)
102,1,,,,,,,,,,,,,,
102,1,,,,,,,,,,,,,,
102,1,Bergström,&,Di,Fulvio (2014),1,CTL,H,PB,RW,TV,(PMmin,0,m³ ⁻¹),a+b/V₂
102,1,,,,,,,,,,,,,,
102,1,,,,,,,,,,,,,,
102,1,,,,,2,FT,FB,PB,RW,TV,(PMmin,0,m³ ⁻¹),a+b/V₂+c/I₃
102,1,,,,,,,,,,,,,,
102,1,Bergström,et,al.,(2016),1,B (FT),FB,PB,RW,TU,(PMmin,0,bundle⁻¹),-a+bN₅
102,1,,,,,,,,,,,,,,
102,1,,,,,,,,,,,,,,
102,1,,,,,2,B (FT),FB,PB,RW,PW,(ODton,P,"Mh ⁻¹)
0",a+bV₂
102,1,,,,,,,,,,,,,,
102,1,,,,,,,,,,,,,,
102,1,,,,,3,B (FT),FB,PB,RW,PU,(bundles,,"PMh ⁻¹)
0",a+bV₂
102,1,,,,,,,,,,,,,,
102,1,Bergström,et,al.,(2022),1,*FT,FB,PB,RW,PW,(dry ton,P,Mh⁻¹),a+bB₂
102,1,,,,,2,*FT,FB,PB,RW,PW,(dry ton,P,Mh⁻¹),a+bB₂
102,1,,,,,3,*FT,FB,PB,RW,PW,(dry ton,P,Mh⁻¹),a+bD₂
102,1,,,,,4,*FT,FB,PB,RW,PW,(dry ton,P,Mh⁻¹),a+bD₂
102,1,,,,,5,*FT,FB,PB,RW,PW,(dry ton,P,Mh⁻¹),a+bD₃
102,1,,,,,6,*FT,FB,PB,RW,PW,(dry ton,P,Mh⁻¹),a+bD₃
102,1,,,,,7,*FT,FB,PB,RW,PW,(dry ton,P,Mh⁻¹),a+bH₂
102,1,,,,,8,*FT,FB,PB,RW,PW,(dry ton,P,Mh⁻¹),a+bH₂
102,1,Bilici et al.,(2,01,9),1,FT,FB,EB,CT,PV,(m³ h⁻¹),,,-a+bD₁+cH₁
102,1,,,,,2,*FT,FB,EB,CT,PV,(m³ h⁻¹),,,-a+bD₁+cH₁
102,1,,,,,3,FT,FB,EB,CT,PV,(m³ h⁻¹),,,-a+bD₁
102,1,,,,,,,,,,,,,,
102,1,,,,,4,*FT,FB,EB,CT,PV,(m³ h⁻¹),,,-a+bD₁
103,1,,,5,FT,FB,EB,CT,PV,(m³ h⁻¹),,a+bV₁
103,1,,,6,*FT,FB,EB,CT,PV,(m³ h⁻¹),,a+bV₁
103,1,,,,,,,,,,,
103,1,Brewer et al.,(2018),1,CTL,H,PB,RW,PV,(m³ PMh,⁻¹),a+bV₁
103,1,,,2,CTL,H,PB,RW,PV,(m³ PMh,⁻¹),a+bV₁
103,1,,,3,CTL,H,PB,RW,PV,(m³ PMh,⁻¹),a+bV₁
103,1,,,,,,,,,,,
103,1,,,4,CTL,H,PB,RW,PV,(m³ PMh,⁻¹),a+bV₁
103,1,,,5,CTL,H,PB,RW,PV,(m³ PMh,⁻¹),a+bV₁
103,1,,,,,,,,,,,
103,1,,,6,CTL,H,PB,RW,PV,(m³ PMh,⁻¹),a+bV₁
103,1,,,,,,,,,,,
103,1,,,7,CTL,H,PB,RW,PV,(m³ PMh,⁻¹),a+bV₁
103,1,,,8,CTL,H,PB,RW,PV,(m³ PMh,⁻¹),a+bV₁
103,1,,,,,,,,,,,
103,1,,,,,,,,,,,
103,1,Brown et al.,(2013),1,FT,FB,PB,CT,PV,√(m³ PM,"h ⁻¹)
0",a+bln(V₁)
103,1,,,,,,,,,,,
103,1,,,,,,,,,,,
103,1,,,2,FT,FB,PB,CT,PV,√(m³ PM,"h ⁻¹)
0",a+bln(V₁)
103,1,Carter et al.,(2017),1,FT,FB,PB,CT,W,cycle (ce,nti-min),a+bA₁+cN₁+dA₃
103,1,Chakroun et,al. (2016),1,*FT,FB,EB,CT,PV,(m³ PMh,⁻¹),(a+bE₁₀)V₁c
103,1,,,2,*FT,FB,EB,CT,PV,(m³ PMh,⁻¹),(a+bE₁₀)V₁c
103,1,,,3,*FT,FB,EB,CT,PV,(m³ PMh,⁻¹),(a-bE₁₀)V₁c
103,1,,,4,*FT,FB,EB,CT,PV,(m³ PMh,⁻¹),(a+bO₁₅)V₁c
103,1,,,5,*FT,FB,EB,CT,PV,(m³ PMh,⁻¹),(a+bO₁₅)V₁c
103,1,,,,,,,,,,,
103,1,Chung et al.,(2022),1,FT,FB,PB,CT,W,cycle (s),,a+bA₂+cD₁₃+dD₁₃
103,1,,,2,FT,FB,PB,CT,W,cycle (s),,a+bA₄+cN₂
103,1,Di Fulvio &,Bergström (2013),1,CTL,HW,PB,RW,TV,(PMmin,m³ ⁻¹),a+bI₅-cT₁
103,1,,,,,,,,,,,
103,1,Erber et al. (,2016),1,CTL,H,PB,RW,M,move (PS,"H dry ton⁻¹)
0",a-bT₈
103,1,,,,,,,,,,,-c
103,1,,,2,CTL,H,PB,RW,E,fell (PSH,"dry ton⁻¹)
0",a+bD₂ -dN₃-eT₈
103,1,,,,,,,,,,,
103,1,,,,,,,,,,,
103,1,,,3,CTL,H,PB,RW,E,process (,"PSH dry
0",-c
103,1,,,,,,,,,,,a+bD₂ -dN₃-eT₈
103,1,,,,,,,,,,,
103,1,,,,,,,,,ton⁻¹),,
103,1,,,,,,,,,,,-c
103,1,,,4,CTL,H,PB,RW,TW,"(PSH dr
0",y ton⁻¹),a+bD₂ -dN₃-eT₈
103,1,Eriksson & L,indroos (2014),1,CTL,H,PB,RW,PV,ln (m³ub,PMh⁻¹),a+bln(V₃)-c(ln(V₃))d
103,1,,,2,CTL,H,PB,RW,PV,ln (m³ub,PMh⁻¹),a+bln(V₃)+cln(V₁₃)+dln(V₁₄)-e(ln(V₃))f
103,1,,,,,,,,,,,
103,1,,,3,CTL,H,PB,RW,PV,ln (m³ub,PMh⁻¹),a+bln(V₃)+cln(V₁₃)+dln(V₁₄)-e(ln(V₃))f-gln(S₃S₂)-
103,1,,,,,,,,,,,hln(O₉)-iT₁₀
104,1,,,,,,,,,,,
104,1,,,4,CTL,H,PB,RW,PV,ln (m³ub,PMh⁻¹),a+bln(V₃)+cln(V₁₃)+dln(V₁₄)-e(ln(V₃))f-gln(S₃S₂)-
104,1,,,,,,,,,,,hln(O₉)-iT₁₀+jS₅-kS₄-lln(S₆)+mE₁₁+nln(E₆)
104,1,,,,,,,,,,,
104,1,,,5,CTL,H,PB,RW,PV,ln (m³ub,PMh⁻¹),a+bln(V₃)+cln(V₁₃)+dln(V₁₄)-e(ln(V₃))f-gln(S₃S₂)-
104,1,,,,,,,,,,,hln(O₉)-iT₁₀+jS₅-kS₄-
104,1,,,,,,,,,,,lln(S₆)+mE₁₁+nln(E₆)+oE₁₂ln(V₃)+pE₁₂ln(V₃)+qE₁₂ln(
104,1,,,,,,,,,,,V₃)+rE₁₂ln(V₃)+sE₁₂ln(V₃)
104,1,,,6,CTL,H,PB,RW,PV,ln (m³ub,PMh⁻¹),a+bln(V₃)-c(ln(V₃))d
104,1,,,,,,,,,,,
104,1,,,7,CTL,H,PB,RW,PV,ln (m³ub,PMh⁻¹),a+bln(V₃)+cln(V₁₃)+dln(V₁₄)
104,1,,,8,CTL,H,PB,RW,PV,ln (m³ub,PMh⁻¹),a+bln(V₃)+cln(V₁₃)+dln(V₁₄)-eln(S₃S₂)-fln(O₉)-
104,1,,,,,,,,,,,gln(S₆)
104,1,,,9,CTL,H,PB,RW,PV,ln (m³ub,PMh⁻¹),a+bln(V₃)+cln(V₁₃)+dln(V₁₄)-eln(S₃S₂)-fln(O₉)-
104,1,,,,,,,,,,,gln(S₆)+hS₅-iS₄+jE₁₁+kln(E₆)-
104,1,,,,,,,,,,,lln(E₇)+mE₁₂ln(V₃)+nE₁₂ln(V₃)+oE₁₂ln(V₃)
104,1,Fernandez-Lacruz,et al. (2013),1,FT,FB,PB,RW,TW,(PWmin,ODton⁻¹),expaH₂-b
104,1,Fernandez-Lacruz,et al. (2021),1,*FT,FB,PB,RW,TW,(PMmin,dry ton⁻¹),expaH₂-b
104,1,,,2,*FT,FB,PB,RW,TW,(PMmin,dry ton⁻¹),expaD₂-b
104,1,,,,,,,,,,,
104,1,George et al. (202,2),1,CTL,H,PB,RW,W,cycle (s),,a+bN₄+cO₈+dO₈-eM₅+fM₅+gA₈+hA₁+iD₁₂
104,1,,,,,,,,,,,
104,1,Ghaffariyan (2013,),1,FT,FB,PB,CT,PW,(ton PMh,"⁻¹)
0",a+bln(V₁)
104,1,,,2,FT,FB,PB,CT,W,cycle (s),,aV₁-b
104,1,,,,,,,,,,,b
104,1,Ghaffariyan et al.,(2019),1,CTL,H,-,-,PV,(m³ PMh,"⁻¹)
0",aV₁
104,1,,,,,,,,,,,
104,1,Ghaffariyan et al.,(2013),1,FT,FB,PB,CT,PW,(GMton,"PMh ⁻¹)
0",a+bln(V₁)
104,1,,,,,,,,,,,bD₁
104,1,Ghaffariyan et al.,(2015),1,CTL,H,PB,CT,W,cycle (P,"Mmin )
0",aexp
104,1,Green et al. (2020,),1,CTL,H,PB,RW,W,cycle (s),,-a+bD₁+cA₁+dN₄
104,1,,,2,CTL,H,PB,RW,W,cycle (s),,-a+bD₁+cA₁+dN₄
104,1,Grönlund & Elias,son (2019),1,CTL,H,PB,RW,TW,(s ODton,⁻¹),a-bB₂+cI₃
104,1,Gülci et al. (2021),,1,FT,FB,EB,CT,PV,(m³ h⁻¹),,-a+bH₁+cD₁+dV₁
104,1,,,2,FT,FB,EB,CT,PV,(m³ h⁻¹),,a+bH₁+cD₁+dV₁
104,1,,,3,FT,FB,EB,CT,PV,(m³ h⁻¹),,a-bH₁+cH₁d-eD₁+fD₁g-hV₁-iV₁j
104,1,,,4,FT,FB,EB,CT,PV,(m³ h⁻¹),,a-bH₁+cH₁d-eD₁+fD₁g-hV₁-iV₁j
104,1,Han et al. (2018),,1,FT,FB,PB,CT,W,cycle (s),,a+bN₆+cN₇+dA₁
105,1,,,,,,,,,,,,
105,1,Hiesl & Benjamin (2013),1,FT,FB,PB,CT,W,log (P,M,mi,"n )
15",-a+bN₉+cD₄
105,1,,,,,,,,,,,,
105,1,Hiesl & Benjamin (2015),1,CTL,H,PB,RW,W,log (P,M,mi,"n )
15",-a+bD₁-cO₈
105,1,,,,,,,,,,,,
105,1,,,,,,,,,,,,
105,1,Hiesl et al. (2015),1,CTL,H,PB,RW,PW,(ton P,M,"h
15",⁻¹),-a+bI₅-cI₄-dO₁₄+eB₁₆+fV₁
105,1,,,,,,,,,,,,
105,1,,2,FT,FB,PB,CT,PW,(ton P,M,"h
15",⁻¹),a-bI₅-cI₄+dO₁₄+eB₁₆
105,1,,,,,,,,,,,,c
105,1,Holzleitner & Kanzian (2022),1,CTL,H,PB,RW,PV,(m³ P,"Sh
0",⁻¹),,a+bV₁ -dT₉
105,1,,,,,,,,,,,,c
105,1,,2,CTL,H,PB,RW,PV,(m³ P,"Sh
0",⁻¹),,a+bV₁ -dT₉+eM₅-fV₁M₅
105,1,,,,,,,,,,,,c
105,1,,3,CTL,H,PB,RW,PV,(m³ P,"Sh
0",⁻¹),,a+bV₁ -dT₉
105,1,Horváth et al. (2016),1,CTL,H,-,-,W,cycle,(m,in),,aO₁bO₂cO₃dO₁₁eV₁f
105,1,,2,CTL,H,-,-,W,cycle,(m,in),,aO₁-bO₂cO₃dO₁₁eV₁f
105,1,,3,CTL,H,-,-,W,cycle,(m,in),,aO₁bO₂eO₃dO₁₁eV₁-f
105,1,,4,CTL,H,-,-,W,cycle,(m,in),,aO₁-bO₂cO₃dO₁₁eV₁-f
105,1,,5,CTL,H,-,-,W,cycle,(m,in),,aO₁-bO₂cO₃dO₁₁eV₁-f
105,1,,6,CTL,H,-,-,W,cycle,(m,in),,aO₂bO₃cO₁₁dV₁e
105,1,,7,CTL,H,-,-,W,cycle,(m,in),,aO₁bO₂cO₃dO₁₁eV₁f
105,1,,8,CTL,H,-,-,W,cycle,(m,in),,aO₁bO₂cO₃dO₁₁eV₁f
105,1,,9,CTL,H,-,-,W,cycle,(m,in),,aO₁bO₂cO₃dO₁₁eV₁f
105,1,,10,CTL,H,-,-,W,cycle,(m,in),,aO₁₁-bV₁c
105,1,,11,CTL,H,-,-,W,cycle,(m,in),,aO₁bO₂cO₃dO₁₁eV₁f
105,1,,12,CTL,H,-,-,TV,(min,m³,⁻¹),,aO₁bO₂cO₃dO₁₁eV₁-f
105,1,,13,CTL,H,-,-,TV,(min,m³,⁻¹),,aO₁-bO₂cO₃dO₁₁eV₁-f
105,1,,14,CTL,H,-,-,TV,(min,m³,⁻¹),,aO₁bO₂cO₃dO₁₁eV₁-f
105,1,,15,CTL,H,-,-,TV,(min,m³,⁻¹),,aO₁-bO₂cO₃dO₁₁eV₁-f
105,1,,16,CTL,H,-,-,TV,(min,m³,⁻¹),,aO₁-bO₂cO₃dO₁₁eV₁-f
105,1,,17,CTL,H,-,-,TV,(min,m³,⁻¹),,aO₂bO₃cO₁₁dV₁-e
105,1,,18,CTL,H,-,-,TV,(min,m³,⁻¹),,aO₁bO₂cO₃dO₁₁eV₁-f
105,1,,19,CTL,H,-,-,TV,(min,m³,⁻¹),,aO₁bO₂cO₃dO₁₁eV₁-f
105,1,,20,CTL,H,-,-,TV,(min,m³,⁻¹),,aO₁bO₂cO₃dO₁₁eV₁-f
105,1,,21,CTL,H,-,-,TV,(min,m³,⁻¹),,aO₁₁-bV₁-c
105,1,,22,CTL,H,-,-,TV,(min,m³,⁻¹),,aO₁bO₂cO₃dO₁₁eV₁-f
105,1,,23,CTL,H,-,-,PV,(m³ m,in⁻,¹),,aO₁-bO₂-cO₃-dO₁₁-eV₁f
105,1,,,,,,,,,,,,
105,1,,,,,,,,,105,,,
106,1,,,,24,CTL,H,-,-,PV,(m³ min,⁻¹),,aO₁bO₂-cO₃-dO₁₁-eV₁f
106,1,,,,25,CTL,H,-,-,PV,(m³ min,⁻¹),,aO₁-bO₂-cO₃-dO₁₁-eV₁f
106,1,,,,26,CTL,H,-,-,PV,(m³ min,⁻¹),,aO₁bO₂-cO₃-dO₁₁-eV₁f
106,1,,,,27,CTL,H,-,-,PV,(m³ min,⁻¹),,aO₁bO₂-cO₃-dO₁₁-eV₁f
106,1,,,,28,CTL,H,-,-,PV,(m³ min,⁻¹),,aO₂-bO₃-cO₁₁-dV₁e
106,1,,,,29,CTL,H,-,-,PV,(m³ min,⁻¹),,aO₁-bO₂-cO₃-dO₁₁-eV₁f
106,1,,,,30,CTL,H,-,-,PV,(m³ min,⁻¹),,aO₁-bO₂-cO₃-dO₁₁-eV₁f
106,1,,,,31,CTL,H,-,-,PV,(m³ min,⁻¹),,aO₁-bO₂-cO₃-dO₁₁-eV₁f
106,1,,,,32,CTL,H,-,-,PV,(m³ min,⁻¹),,aO₁₁bV₁c
106,1,,,,33,CTL,H,-,-,PV,(m³ min,⁻¹),,aO₁-bO₂-cO₃-dO₁₁-eV₁f
106,1,,,,,,,,,,,,,
106,1,Jernigan,et a,l. (2015),1,FT,FB,PB,CT,W,cycle (P,Mmi,n),a+bN₉
106,1,,,,,,,,,,,,,b
106,1,Jylhä &,Ber,gström (2016),1,FT,FB,PB,RW,PW,(ODton,"E h⁻
0",¹),aV₁₂
106,1,,,,,,,,,,,,,b
106,1,,,,2,FT,FB,PB,RW,PW,(ODton,"E h⁻
0",¹),aH₂
106,1,,,,,,,,,,,,,-b
106,1,,,,3,FT,FB,PB,RW,PW,(ODton,"E h⁻
0",¹),aI₅
106,1,,,,,,,,,,,,,b
106,1,,,,4,FT,FB,PB,RW,PW,(ODton,"E h⁻
0",¹),aD₅
106,1,,,,,,,,,,,,,b
106,1,,,,5,FT,FB,PB,RW,PW,(ODton,"E h⁻
0",¹),aB₃
106,1,,,,,,,,,,,,,b
106,1,,,,6,FT,FB,PB,RW,PW,(ODton,"E h⁻
0",¹),aH₁
106,1,,,,,,,,,,,,,b
106,1,,,,7,FT,FB,PB,RW,PW,(ODton,"E h⁻
0",¹),aD₆
106,1,,,,,,,,,,,,,b
106,1,,,,8,FT,FB,PB,RW,PW,(ODton,"E h⁻
0",¹),aH₃
106,1,Kärhä et,al.,(2018a),1,CTL,H,PB,RW,E,"fell, pro",cess,(s),a+bV₁-cV₁d+eV₁f+gO₁₃
106,1,,,,2,CTL,H,PB,RW,E,"fell, pro",cess,(s),a+bV₁-cV₁d+eV₁f+gO₁₃
106,1,,,,3,CTL,H,PB,RW,E,"fell, pro",cess,(s),a+bV₁-cV₁d+eV₁f+gO₁₃
106,1,,,,4,CTL,H,PB,RW,M,moving,(s),,a+b/I₃+cO₁₃
106,1,,,,,,,,,,,,,
106,1,Kärhä et,al.,(2018b),1,CTL,HW,PB,RW,PV,"(m³ E ⁻
15",¹),,-a+bln(V₂)
106,1,Kärhä et,al.,(2019),1,CTL,H,PB,RW,E,"fell, pro",cess,(s),a+bV₁-cV₁d+eV₁f-gT₂
106,1,,,,2,CTL,H,PB,RW,E,"fell, pro",cess,(s),a+bV₁-cV₁d+eV₁f+gT₂
106,1,,,,3,CTL,H,PB,RW,E,"fell, pro",cess,(s),a+bV₁-cV₁d+eV₁f+gT₂
106,1,,,,4,CTL,H,PB,RW,E,"fell, pro",cess,(s),a+bV₁-cV₁d+eV₁f+gT₂
106,1,,,,5,CTL,H,PB,RW,E,"fell, pro",cess,(s),a+bV₁-cV₁d+eV₁f+gT₂
106,1,,,,6,CTL,H,PB,RW,E,"fell, pro",cess,(s),a+bV₁-cV₁d+eV₁f+gT₂
107,1,,,7,CTL,H,,PB,RW,E,"fell, p",ro,ce,ss (s),a+bV₁-cV₁d+eV₁f+gT₂
107,1,,,,,,,,,,,,,,d f
107,1,,,8,CTL,H,,PB,RW,PV,(m³ E,"⁻¹
0",),,a+bV₁-cV₁ +eV₁
107,1,,,,,,,,,,,,,,d f
107,1,,,9,CTL,H,,PB,RW,PV,(m³ E,"⁻¹
0",),,a+bV₁-cV₁ -eV₁
107,1,,,,,,,,,,,,,,d f
107,1,,,10,CTL,H,,PB,RW,PV,(m³ E,"⁻¹
0",),,a+bV₁-cV₁ -eV₁
107,1,,,,,,,,,,,,,,d f
107,1,,,11,CTL,H,,PB,RW,PV,(m³ E,"⁻¹
0",),,a+bV₁-cV₁ -eV₁
107,1,,,,,,,,,,,,,,d f
107,1,,,12,CTL,H,,PB,RW,PV,(m³ E,"⁻¹
0",),,a+bV₁-cV₁ -eV₁
107,1,,,,,,,,,,,,,,d f
107,1,,,13,CTL,H,,PB,RW,PV,(m³ E,"⁻¹
0",),,a+bV₁-cV₁ -eV₁
107,1,,,,,,,,,,,,,,d f
107,1,,,14,CTL,H,,PB,RW,PV,(m³ E,"⁻¹
0",),,a+bV₁-cV₁ -eV₁
107,1,,,,,,,,,,,,,,
107,1,Karpachev &,Bykovskiy,1,FT,FB,Sim,PB,RW,PV,(m³ s,hift,⁻,¹)-D,
107,1,,,,,,,,,,,,,,
107,1,,,,,,,,,,,,,,a+bln(M₇)
107,1,,,,,,,,,,,,,,
107,1,(2019),,,,,,,,,,,,,
107,1,,,2,FT,FB,Sim,PB,RW,PV,(m³ s,hift,⁻,¹)-D,a+bln(M₇)
107,1,,,,,,,,,,,,,,
107,1,,,3,FT,FB,Sim,PB,RW,PV,(m³ s,hift,⁻,¹)-D,-a+bln(M₇)
107,1,,,,,,,,,,,,,,
107,1,,,4,FT,FB,Sim,PB,RW,PV,(m³ s,hift,⁻,¹)-D,a-bM₆
107,1,,,5,FT,FB,Sim,PB,RW,PV,(m³ s,hift,⁻,¹)-D,a-bM₆
107,1,,,,,,,,,,,,,,
107,1,,,6,FT,FB,Sim,PB,RW,PV,(m³ s,hift,⁻,¹)-D,a-bM₆
107,1,,,,,,,,,,,,,,
107,1,,,7,FT,FB,Sim,PB,RW,PV,(m³ s,hift,⁻,¹)-D,a+bln(M₇)
107,1,,,8,FT,FB,Sim,PB,RW,PV,(m³ s,hift,⁻,¹)-D,-a+bln(M₇)
107,1,,,,,,,,,,,,,,
107,1,,,9,FT,FB,Sim,PB,RW,PV,(m³ s,hift,⁻,¹)-D,-a+bln(M₇)
107,1,,,10,FT,FB,Sim,PB,RW,PV,(m³ s,hift,⁻,¹)-D,-a+bV₁
107,1,,,11,FT,FB,Sim,PB,RW,PV,(m³ s,hift,⁻,¹)-D,a+bln(V₁)
107,1,,,12,FT,FB,Sim,PB,RW,PV,(m³ s,hift,⁻,¹)-D,a+bln(V₁)
107,1,,,13,FT,FB,Sim,PB,RW,PV,(m³ s,hift,⁻,¹)-D,a+bln(V₁)
107,1,Kim et al. (20,17),1,FT,FB,,PB,CT,W,cycle,(s),,,a+bN₆+cN₇+dA₂
107,1,,,,,,,,,,,,,,
107,1,Kizha & Han,(2016),1,FT,FB,,PB,CT,W,log cy,cl,e,(centi-min),a+bN₃-cM₅-dM₅+eD₁+fO₇+gO₇+hO₇
107,1,,,2,FT,FB,,PB,CT,W,log cy,cl,e,(centi-min),a+bN₃-cM₅-dM₅+eD₁-fO₇-gO₇
107,1,,,3,FT,FB,,PB,CT,W,log cy,cl,e,(centi-min),a+bN₃-cM₅-dM₅+eD₁-fO₇-gO₇-hO₇
107,1,,,4,FT,FB,,PB,CT,W,ln cyc,le,(,centi-min),a-bN₃-cM₅-dM₅+eD₁+fO₇-gO₇+hO₇
107,1,,,5,FT,FB,,PB,CT,W,ln cyc,le,(,centi-min),a+bN₃-cM₅-dM₅+eD₁-fO₇-gO₇-hO₇
107,1,,,6,FT,FB,,PB,CT,W,ln cyc,le,(,centi-min),a-bN₃+cM₅+dM₅-eA₁-fD₁+gO₇-hO₇-IO₇
107,1,Kormanek &,Baj (2018),1,CTL,H,,PB,RW,E,fell (s,),,,a+bD₁
108,1,,,2,CTL,H,PB,RW,E,"delimb,",bu,ck (s),a+bD₁
108,1,Kormanek &,Kępa (2016),1,CTL,H,PB,RW,E,fell (s),,,-a+bD₁
108,1,,,,,,,,,,,,
108,1,Krč et al. (20,15),1,CTL,H,PB,RW,E,"fell, pro",ce,ss (s),a+bO₄+cO₅+dO₆+eD₁
108,1,,,,,,,,,,,,d f
108,1,Labelle et al.,(2017),1,CTL,H,EB,CT,PV,(m³ PM,"h ⁻
0",¹),a-bD₁+cD₁ -eD₁
108,1,,,,,,,,,,,,d f
108,1,,,2,CTL,H,EB,CT,PV,(m³ PM,"h ⁻
0",¹),a-bD₁+cD₁ -eD₁
108,1,,,,,,,,,,,,b
108,1,,,3,CTL,H,EB,CT,PV,(m³ PM,"h ⁻
0",¹),aD₁
108,1,,,,,,,,,,,,b
108,1,,,4,CTL,H,EB,CT,PV,(m³ PM,"h ⁻
0",¹),aD₁
108,1,,,,,,,,,,,,d
108,1,Labelle et al.,(2018),1,CTL,H,PB,RW,PV,(m³ PM,"h ⁻
0",¹),-a+bD₁-cD₁
108,1,,,,,,,,,,,,d
108,1,,,2,CTL,H,PB,RW,PV,(m³ PM,"h ⁻
0",¹),-a+bD₁-cD₁
108,1,,,,,,,,,,,,d
108,1,,,3,CTL,H,PB,CT,PV,(m³ PM,"h ⁻
0",¹),-a+bD₁-cD₁
108,1,,,,,,,,,,,,d
108,1,,,4,CTL,H,PB,CT,PV,(m³ PM,"h ⁻
0",¹),-a+bD₁-cD₁
108,1,,,,,,,,,,,,c
108,1,Labelle & Hu,ß (2018),1,CTL,H,PB,RW,PV,(m³ub P,M,"h ⁻¹)
0",aV₃-bV₃
108,1,,,,,,,,,,,,c
108,1,,,2,CTL,H,PB,RW,PV,(m³ub P,M,"h ⁻¹)
0",aV₃-bV₃
108,1,Labelle et al.,(2016),1,CTL,H,PB,CT,PV,(m³ PM,h⁻¹,),aD₁b
108,1,,,2,CTL,H,PB,CT,PV,(m³ PM,h⁻¹,),aD₁b
108,1,,,,,,,,,,,,d
108,1,Labelle et al.,(2019),1,CTL,H,PB,RW,PV,(m³ PM,"h ⁻
0",¹),-a+bD₁-cD₁
108,1,,,,,,,,,,,,d
108,1,,,2,CTL,H,PB,RW,PV,(m³ PM,"h ⁻
0",¹),-a+bD₁-cD₁
108,1,,,,,,,,,,,,d
108,1,,,3,CTL,H,PB,RW,PV,(m³ PM,"h ⁻
0",¹),-a+bD₁-cD₁
108,1,,,,,,,,,,,,d
108,1,,,4,CTL,H,PB,RW,PV,(m³ PM,"h ⁻
0",¹),a+bD₁-cD₁
108,1,,,,,,,,,,,,d
108,1,,,5,CTL,H,PB,RW,PV,(m³ PM,"h ⁻
0",¹),a+bV₆-cV₆
108,1,,,,,,,,,,,,d
108,1,,,6,CTL,H,PB,RW,PV,(m³ PM,"h ⁻
0",¹),a+bV₆-cV₆
108,1,,,,,,,,,,,,d
108,1,,,7,CTL,H,PB,RW,PV,(m³ PM,"h ⁻
0",¹),a+bV₆-cV₆
108,1,,,,,,,,,,,,d
108,1,,,8,CTL,H,PB,RW,PV,(m³ PM,"h ⁻
0",¹),a+bV₆-cV₆
108,1,Laina et al. (2,013),1,CTL,H,PB,RW,PW,(ODton,h⁻,¹),(aD₁b)/((-c+dD₁)e)
108,1,,,2,FT,FB,PB,RW,PW,(ODton,h⁻,¹),(aD₁bN₃)/(-c+d/N₃e)
108,1,Laitila et al. (,2016),1,CTL,H,PB,RW,M,move (s,tr,ee⁻¹),a-bln(I₃)
108,1,,,2,CTL,H,PB,RW,M,move (s,tr,ee⁻¹),-a+b(c/I₃)
108,1,,,3,CTL,H,PB,RW,E,fell (s tr,ee⁻,¹),a-bN₉
108,1,,,4,CTL,H,PB,RW,E,fell (s tr,ee⁻,¹),a-bN₉
108,1,,,,,,,,,,,,
108,1,,,5,CTL,H,PB,RW,E,process,(s,tree⁻¹),a+bV₂
109,1,,,,6,CTL,H,PB,RW,E,process (s,tree⁻¹),a+bV₂
109,1,Laitila & Vää,täinen,(2014),1,CTL,H,EB,CT,M,move (s tr,ee⁻¹),a-bln(I₃)
109,1,,,,,,,,,,,,
109,1,,,,2,CTL,H,EB,CT,E,fell (s tree⁻,¹),a+b(c/N₉)
109,1,,,,3,CTL,H,EB,CT,E,process (s,tree⁻¹),-a+bln(V₂)
109,1,Laitila & Vää,täinen,(2020),1,*FT,HW,PB,RW,M,move (s tr,ee⁻¹),a+b/I₃
109,1,,,,,,,,,,,,
109,1,,,,2,*FT,HW,PB,RW,E,fell (s tree⁻,¹),-a+bln(V₂)
109,1,,,,3,*FT,HW,PB,RW,L,load (s gra,pple-load⁻¹),-a+b/E₁₄
109,1,,,,,,,,,,,,
109,1,Laitila & Vää,täinen,(2021),1,FT,FB,EB,CT,M,move (s),,a-bI₃
109,1,,,,,,,,,,,,
109,1,,,,2,FT,FB,EB,CT,E,"fell, bunch",(s tree⁻¹),a+bV₂
109,1,Laitila & Vää,täinen,(2023),1,FT,FB,EB,CT,E,"fell, bunch",(s tree⁻¹),a-bexpN₉
109,1,,,,,,,,,,,,
109,1,Laitila et al. (,2013),,1,*CTL,H,PB,RW,M,move (s tr,ee⁻¹),a-bln(I₃)
109,1,,,,2,*CTL,H,PB,RW,E,"fell, proce",ss (s),-a+bD₁-cD₁d+eD₁f
109,1,,,,3,*CTL,H,PB,RW,E,"fell, proce",ss (s),a+bD₁+cD₁d
109,1,Laitila et al. (,2020),,1,CTL,H,PB,RW,E,"fell, proce",ss (s),a+bV₂+cV₂d
109,1,Lazdiņš et al.,(2019),,1,CTL,H,-,-,PV,(m³ h⁻¹),,aD₁b
109,1,,,,2,CTL,H,-,-,PV,(m³ h⁻¹),,aD₁b
109,1,,,,3,CTL,H,-,-,PV,(m³ h⁻¹),,aD₁b
109,1,Lazdiņš (2014,),,1,CTL,H,PB,RW,TU,(centi-min,tree⁻¹),aexpbD₁
109,1,Lazdiņš et al.,(2021),,1,CTL,H,PB,RW,PV,(m³ h⁻¹),,a+bV₁-cV₁d+dV₁e
109,1,Lazdiņš et al.,(2016),,1,CTL,H,PB,RW,PV,(m³ h⁻¹),,aD₁b
109,1,,,,2,CTL,H,PB,RW,PU,(trees h⁻¹),,aD₁-b
109,1,,,,,,,,,,,,b
109,1,Leszczyński e,t al. (2,021),1,CTL,H,EB,CT,PV,"(m³ PMh
15",⁻¹),aV₁
109,1,,,,,,,,,,,,b
109,1,,,,2,CTL,H,EB,CT,PV,"(m³ PMh
15",⁻¹),aV₁
109,1,,,,,,,,,,,,b c
109,1,,,,3,CTL,H,EB,CT,PV,"(m³ PMh
15",⁻¹),aV₁ I₂
109,1,,,,,,,,,,,,b
109,1,,,,4,CTL,H,EB,CT,PV,"(m³ PMh
15",⁻¹),aV₁
109,1,,,,,,,,,,,,b
109,1,,,,5,CTL,H,EB,CT,PV,"(m³ PMh
15",⁻¹),aI₂
109,1,,,,,,,,,,,,b
109,1,,,,6,CTL,H,EB,CT,PV,"(m³ PMh
15",⁻¹),aI₂
109,1,,,,,,,,,,,,
109,1,Liski et al. (20,20),,1,CTL,H,PB,RW,PV,"(m³ E h⁻¹)
0",,a+bT₇+cE₁₃-dE₁₃-eE₁₂+fE₁₂+gE₁₂-hO₇-iO₇-jO₇-kO₇-
109,1,,,,,,,,,,,,lM₃-mM₃-nM₃+oV₁-pV₁q-rT₇V₁+sT₇V₁t
109,1,,,,,,,,,,,,
109,1,,,,2,CTL,H,PB,RW,PV,"(m³ E h⁻¹)
0",,a+bT₇-cO₇-dO₇-eO₇-fO₇+gV₁-hV₁i
110,1,Louis & Kizha (2021),1,FT,FB,PB,,CT,W,cycle (s),a+bA₁+cN₃
110,1,,2,FT,FB,PB,,CT,W,cycle (s),a+bA₃+cN₃
110,1,,,,,,,,,,
110,1,Magagnotti et al. (2021),1,CTL,H,PB,,RW,PV,(tot above-ground m³,
110,1,,,,,,,,,,
110,1,,,,,,,,,,-a+bV₇+cT₈
110,1,,,,,,,,,,
110,1,,,,,,,,,SMH⁻¹)*,
110,1,,2,CTL,H,PB,,RW,PV,(m³ SMH⁻¹)*,-a+bV₄+cT₈
110,1,,3,CTL,H,PB,,RW,PV,(m³ SMH⁻¹)*,-a+bV₅+cT₈
110,1,,,,,,,,,,
110,1,,4,CTL,H,PB,,RW,PV,(m³ SMH⁻¹)*,-a+bV₅+cT₈V₅
110,1,Manner et al. (2023),1,CTL,H,PB,,RW,TV,(s m³ ⁻¹),a-bI₆+cI₆+dV₃+eA₁+fO₇
110,1,,2,CTL,H,PB,,RW,TV,(s m³ ⁻¹),aV₃-b
110,1,McEwan et al. (2016),1,CTL,H,EB,,CT,E,ln fell (s),a+bD₁c+dP₂
110,1,,2,CTL,H,EB,,CT,E,process (s),a+bD₁c+dP₂+eP₂O₁₇
110,1,,3,CTL,H,EB,,CT,E,"fell, process (s)",a+bD₁c+dP₂+eP₂O₁₇
110,1,,,,,,,,,,
110,1,Mederski et al. (2016),1,CTL,H,PB,,RW,PV,(m³ PMh⁻¹),-a+bD₁-cO₁₆-dO₁₆+eI₆+fI₆
110,1,,2,CTL,H,PB,,RW,PV,(m³ PMh⁻¹),a+bV₁+cO₁₆+dO₁₆+eI₆+fI₆
110,1,,,,,,,,,,
110,1,Norihiro et al. (2018),1,CTL,H,"PB,",EB,CT,PV,(m³ PMh⁻¹),a+bV₁
110,1,,,,,,,,,,
110,1,,2,CTL,H,EB,,CT,PV,(m³ PMh⁻¹),a+bV₁
110,1,,3,CTL,H,"PB,",EB,CT,PV,(m³ PMh⁻¹),a+bV₁
110,1,,,,,,,,,,
110,1,,4,CTL,H,EB,,CT,PV,(m³ PMh⁻¹),a+bV₁
110,1,,5,CTL,H,EB,,CT,PV,(m³ PMh⁻¹),a+bV₁
110,1,,6,CTL,H,EB,,CT,PV,(m³ PMh⁻¹),a+bV₁
110,1,,7,CTL,H,"PB,",EB,CT,PV,(m³ PMh⁻¹),a+bE₉-cO₁₅+dS₁-eN₁₀+fV₁
110,1,,8,CTL,H,EB,,CT,PV,(m³ PMh⁻¹),a+bO₁₅+cV₁
110,1,,9,CTL,H,"PB,",EB,CT,PV,(m³ PMh⁻¹),a+bE₉-cO₁₅-dS₁-eN₁₀+fV₁
110,1,,,,,,,,,,
110,1,,10,CTL,H,EB,,CT,PV,(m³ PMh⁻¹),a+bV₁
110,1,,11,CTL,H,EB,,CT,PV,(m³ PMh⁻¹),a+bV₁
110,1,,12,CTL,H,EB,,CT,PV,(m³ PMh⁻¹),a+bV₁
110,1,,13,CTL,H,PB,,CT,PV,(m³ PMh⁻¹),a-bO₁₅-cS₁+dV₁
110,1,,14,CTL,H,EB,,CT,PV,(m³ PMh⁻¹),a-bO₁₅+cS₁+dV₁
110,1,,15,CTL,H,EB,,CT,PV,(m³ PMh⁻¹),a-bN₁₀+cV₁
110,1,,16,CTL,H,EB,,CT,PV,(m³ PMh⁻¹),a-bN₁₀+cV₁
111,1,,17,CTL,H,"PB, EB",CT,PV,(m³ P,Mh⁻¹),,a+bV₁
111,1,Nuutinen & Björheden (2016),1,B (FT),FB,PB,RW,E,fell (s),,,a+bln(N₉)
111,1,Olivera et al. (2016),1,CTL,H,PB,RW,PV,(m³ub,h⁻¹),,exp-a+bln(D₅)
111,1,,2,CTL,H,PB,RW,PV,(m³ub,h⁻¹),,exp-a+bln(D₅)
111,1,,3,CTL,H,PB,RW,PV,(m³ub,h⁻¹),,exp-a+bln(D₅)
111,1,,4,CTL,H,PB,RW,PV,(m³ub,h⁻¹),,exp-a+bln(D₅)
111,1,,5,CTL,H,PB,RW,PV,(m³ub,h⁻¹),,exp-a+bln(D₅)
111,1,,6,CTL,H,PB,RW,PV,(m³ub,h⁻¹),,exp-a+bln(D₅)
111,1,,7,CTL,H,PB,RW,PV,(m³ub,h⁻¹),,exp-a+bln(D₅)
111,1,,8,CTL,H,PB,RW,PV,(m³ub,h⁻¹),,exp-a+bln(D₅)
111,1,,9,CTL,H,PB,RW,PV,(m³ub,h⁻¹),,exp-a+bln(D₅)
111,1,,10,CTL,H,PB,RW,PV,(m³ub,h⁻¹),,exp-a+bln(D₅)
111,1,,11,CTL,H,PB,RW,PV,(m³ub,h⁻¹),,exp-a+bln(D₅)
111,1,,12,CTL,H,PB,RW,PV,(m³ub,h⁻¹),,exp-a+bln(D₅)
111,1,,13,CTL,H,PB,RW,PV,(m³ub,h⁻¹),,exp-a+bln(D₅)
111,1,,14,CTL,H,PB,RW,PV,(m³ub,h⁻¹),,exp-a+bln(D₅)
111,1,Petitmermet et al. (2019),1,CTL,H,PB,RW,TU,(min c,orrido,r-1),a+bB₄+cA₅
111,1,,2,CTL,H,PB,RW,TU,(min c,orrido,r-1),a+bB₅+cB₆+dA₅
111,1,,3,CTL,H,PB,RW,TU,(min c,orrido,r-1),a+bB₄+cA₆+dA₇
111,1,,4,CTL,H,PB,RW,TU,(min c,orrido,r-1),a+bB₅+cB₆+dA₆+eA₇
111,1,,5,CTL,H,PB,RW,TU,(min c,orrido,r-1),a+bA₅+cB₇+dB₈
111,1,,6,CTL,H,PB,RW,TU,(min c,orrido,r-1),a+bA₆+cA₇+dB₇+eB₈
111,1,,7,CTL,H,PB,RW,TU,(min c,orrido,r-1),a+bA₅+cB₉+dB₁₀+eB₁₁+fB₁₂
111,1,,8,CTL,H,PB,RW,TU,(min c,orrido,r-1),a+bA₆+cA₇+dB₉+eB₁₀+fB₁₁+gB₁₂
111,1,Petty & Kärhä (2014),1,CTL,H,PB,RW,E,"fell, pr",ocess,(s),aln(D₁-b)
111,1,,2,CTL,H,PB,RW,E,"fell, pr",ocess,(s),aln(D₁-b)
111,1,,3,CTL,H,PB,RW,E,"fell, pr",ocess,(s),aln(D₁-b)
111,1,,4,CTL,H,PB,RW,E,"fell, pr",ocess,(s),aln(D₁-b)
111,1,,5,CTL,H,PB,RW,E,"fell, pr",ocess,(s),aln(D₁-b)
111,1,,,,,,,,,,,
111,1,,6,CTL,H,PB,RW,E,"fell, pr",ocess,(s),aln(D₁-b)
112,1,,7,CTL,H,PB,RW,M,move (s),,a-bln(I₃)
112,1,,,,,,,,,,d
112,1,,8,CTL,H,PB,RW,PV,(m³ PMh,"⁻¹)
0",-a+bD₁+cD₁
112,1,,,,,,,,,,d
112,1,,9,CTL,H,PB,RW,PV,(m³ PMh,"⁻¹)
0",-a+bD₁+cD₁
112,1,,,,,,,,,,d
112,1,,10,CTL,H,PB,RW,PV,(m³ PMh,"⁻¹)
0",a+bD₁+cD₁
112,1,,,,,,,,,,d
112,1,,11,CTL,H,PB,RW,PV,(m³ PMh,"⁻¹)
0",a+bD₁+cD₁
112,1,,,,,,,,,,d
112,1,,12,CTL,H,PB,RW,PV,(m³ PMh,"⁻¹)
0",a+bD₁+cD₁
112,1,,,,,,,,,,d
112,1,,13,CTL,H,PB,RW,PV,(m³ PMh,"⁻¹)
0",-a+bD₁+cD₁
112,1,,,,,,,,,,
112,1,Polowy & Molińska-Glura,1,CTL,H,PB,RW,PV,(m³ h⁻¹),,
112,1,,,,,,,,,,
112,1,,,,,,,,,,-a+bV₁+cE₁₅+dE₄+eE₅
112,1,,,,,,,,,,
112,1,(2023),,,,,,,,,
112,1,,2,CTL,H,PB,RW,PV,(m³ h⁻¹),,aV₁+bE₁₅
112,1,,3,CTL,H,PB,RW,PV,(m³ h⁻¹),,-a+bV₁+cE₁₅+dE₅
112,1,Prinz et al. (2021),1,CTL,H,PB,RW,E,fell (ms),,aexpbD₅
112,1,,2,CTL,H,PB,RW,E,fell (ms),,aexpbD₅
112,1,,3,CTL,H,PB,RW,E,crosscut,(ms),a+bD₅-cD₅d+eD₅f
112,1,,4,CTL,H,PB,RW,E,crosscut,(ms),a-bD₅+cD₅d-eD₅f
112,1,,,,,,,,,,d
112,1,Ramantswana et al. (2013),1,CTL,H,EB,CT,PV,(m³ PMh,"⁻¹)
0",a+bV₁-cV₁
112,1,,,,,,,,,,d
112,1,,2,CTL,H,EB,CT,PV,(m³ PMh,"⁻¹)
0",a+bV₁-cV₁
112,1,,,,,,,,,,d
112,1,,3,CTL,H,EB,CT,PV,(m³ PMh,"⁻¹)
0",a+bV₁-cV₁
112,1,,,,,,,,,,e g i
112,1,,4,CTL,H,EB,CT,PV,(m³ PMh,"⁻¹)
0",a+bV₈+cV₉-dV₈ -fV₉ -hT₆+jV₈T₆
112,1,,,,,,,,,,
112,1,,5,CTL,H,EB,CT,PV,(m³ PMh,"⁻¹)
0",a+bV₈+cV₉
112,1,,,,,,,,,,d
112,1,,6,CTL,H,EB,CT,PV,(m³ PMh,"⁻¹)
0",aV₈+bV₉-cV₈
112,1,,,,,,,,,,e
112,1,,7,CTL,H,EB,CT,PV,(m³ PMh,"⁻¹)
0",a+bV₈-cV₉+dV₉ -fT₆
112,1,,,,,,,,,,e g
112,1,,8,CTL,H,EB,CT,PV,(m³ PMh,"⁻¹)
0",a+bV₈+cV₉-dV₈ -fV₉
112,1,,,,,,,,,,d
112,1,,9,CTL,H,EB,CT,PV,(m³ PMh,"⁻¹)
0",a+bV₁-cV₁ +eO₁₀
112,1,Rosińska et al. (2022),1,CTL,H,PB,RW,PV,(m³ub h⁻,¹),-a+bD₇
112,1,,2,CTL,H,PB,RW,PV,(m³ub h⁻,¹),-a+bD₈-cD₈d
112,1,,3,CTL,H,PB,RW,PV,(m³ub h⁻,¹),a+bV₁-cD₈+dD₇
112,1,,4,CTL,H,PB,RW,PV,(m³ub h⁻,¹),-a+bD₉
112,1,,5,CTL,H,PB,RW,PV,(m³ub h⁻,¹),-a+bD₁₀
112,1,,6,CTL,H,PB,RW,PV,(m³ub h⁻,¹),-a+bD₇+cD₈-dD₇D₈+eD₇f-gD₈h
113,1,Santos et a,l.,(2022),1,CTL,H,PB,CT,PV,(m³ h⁻¹),-D,,a+bV₃-cV₃d
113,1,Santos et a,l.,(2021),1,CTL,H,PB,CT,PV,(m³ h⁻¹),-D,,a+bV₁-cV₁d
113,1,Santos et a,l.,(2020),1,CTL,H,PB,CT,M,move (s,),,a+bE₁c+dE₂e-fE₁E₂
113,1,,,,2,CTL,H,PB,CT,E,fell (s),,,a+bE₁c+dE₂e-fE₁E₂
113,1,,,,3,CTL,H,PB,CT,E,process,(s,),a-bE₁+cE₁d-eE₂+fE₂g+hE₁E₂
113,1,,,,4,CTL,H,PB,CT,M,move (s,),,a-bE₁c-dE₂e
113,1,,,,5,CTL,H,PB,CT,E,fell (s),,,a-bE₁c-dE₂e
113,1,,,,6,CTL,H,PB,CT,E,process,(s,),a+bE₁c+dE₂e-fE₁E₂
113,1,,,,7,CTL,H,PB,CT,PV,(m³ h⁻¹),-U,,a-bE₁c-dE₂e+fE₁E₂
113,1,,,,8,CTL,H,PB,CT,PV,(m³ h⁻¹),-U,,-a+bE₂+cE₁d
113,1,,,,,,,,,,,,,
113,1,Schweier e,t,al. (2015),1,FT,FB,EB,CT,W,cycle (s),,,a+bB₁₃+cN₈
113,1,,,,,,,,,,,,,
113,1,,,,2,FT,FB,EB,CT,W,cycle (s),,,a+bB₁₃+cN₈
113,1,,,,3,FT,FB,EB,CT,W,cycle (s),,,a+bB₁₃
113,1,,,,,,,,,,,,,
113,1,,,,4,FT,FB,EB,CT,W,cycle (s),,,a+bB₁₃
113,1,,,,5,FT,FB,EB,CT,W,cycle (s),,,a-bB₁₃+cB₁₃d
113,1,Slugeň et a,l.,(2014),1,CTL,H,PB,RW,E,process,(,min),-a+bO₁₁
113,1,,,,,,,,,,,,,
113,1,Soman et a,l.,(2020),1,FT,FB,PB,CT,W,log cycl,e,(min),a+bA₁+cN₃
113,1,,,,,,,,,,,,,
113,1,,,,2,FT,FB,PB,CT,W,log cycl,e,(min),a+bO₈
113,1,,,,,,,,,,,,,
113,1,,,,3,FT,FB,PB,CT,W,log cycl,e,(min),a+bA₁+cA₃+dN₃
113,1,Soman et a,l.,(2019),1,FT,FB,PB,CT,W,cycle (s),,,a+bA₁+cD₁₁+dA₃+eN₃
113,1,,,,2,FT,FB,PB,CT,W,cycle (s),,,a+bA₁+cD₁₁+dA₃+eN₃-fM₁
113,1,Sperandio,et,al. (2021),1,*FT,FB,EB,CT,E,fell (s),,,aB₁₄-b
113,1,,,,2,*FT,FB,EB,CT,E,fell (s),,,aB₁₄b
113,1,,,,,,,,,,,,,b
113,1,,,,3,*FT,FB,EB,CT,PW,"(ton h ⁻
15",¹),,aB₁₄
113,1,,,,,,,,,,,,,b
113,1,,,,4,*FT,FB,EB,CT,PW,"(ton h ⁻
15",¹),,aB₁₄
113,1,,,,,,,,,,,,,
113,1,Spinelli et,al,. (2014),1,FT,"FB, FB","PB, EB",CT,PW,(ton SM,H,⁻¹)-D,
113,1,,,,,,,,,,,,,
113,1,,,,,,,,,,,,,a+bB₁₅-cT₃
113,1,,,,,,,,,,,,,
113,1,,,,,,DT,,,,,,,
113,1,,,,,,,,,,,,,
113,1,Spinelli &,D,e Arruda Moura,1,CTL,H,EB,CT,PV,(m³ub h,⁻¹,),
113,1,,,,,,,,,,,,,
113,1,,,,,,,,,,,,,a+blog(V₃)+cT₄
113,1,,,,,,,,,,,,,
113,1,(2019),,,,,,,,,,,,
113,1,Spinelli et,al,. (2022),1,CTL,H,PB,RW,PW,(Bone d,ry,ton SMH⁻¹)*,a-bB₃-cE₉-dE₉
114,1,Spinelli et a,l.,(2023),,1,CTL,H,PB,RW,PW,(Bone d,ry ton SMH⁻¹)*,a+bB₃-cT₅B₃
114,1,Spinelli et a,l.,(2020a),,1,CTL,H Sim,PB,RW,PV,(m³ h⁻¹),-U,a+bP₁-cO₈
114,1,,,,,,,,,,,,,
114,1,,,,,2,CTL,H Sim,PB,RW,PV,(m³ h⁻¹),-U,a-bM₂
114,1,Spinelli et a,l.,(2020b),,1,FT,FB,EB,CT,W,cycle (s),,a-bB₁₄
114,1,,,,,2,FT,FB,EB,CT,PU,(tree SM,H⁻¹)*,a-bB₁₄
114,1,,,,,,,,,,,,,
114,1,,,,,3,FT,FB,EB,CT,PW,(ton SM,H⁻¹)*,a-bB₁₄
114,1,Stoilov et a,l. (,2021),,1,CTL,SH,PB,RW,W,cycle (m,in),-a+bA₉+cE₈+dN₃
114,1,,,,,,,,,,,,,
114,1,,,,,2,CTL,SH,PB,RW,W,cycle (m,in)-D,aA₉
114,1,,,,,,,,,,,,,
114,1,,,,,3,CTL,SH,PB,RW,PV,(m³ PM,h⁻¹),a-bA₉-cN₃
114,1,,,,,4,CTL,SH,PB,RW,PV,(m³ PM,h⁻¹)-D,a-bA₉
114,1,Strandgard,&,Mitchell,(2018),1,*CTL,H,EB,CT,W,cycle (s),,aexpa+bN₁₀+cN₄
114,1,,,,,2,*CTL,H,EB,CT,W,cycle (s),,aexpa+bN₄
114,1,,,,,3,*CTL,H,EB,CT,W,cycle (s),,aexpa+bN₄
114,1,,,,,,,,,,,,,
114,1,,,,,4,*CTL,H,EB,CT,E,fell (s),,a+bN₄
114,1,,,,,5,*CTL,H,EB,CT,E,process,(s),aexpa+bN₁₀+cN₄
114,1,,,,,6,*CTL,H,EB,CT,E,process,(s),aexpa+bN₁₀+cN₄
114,1,,,,,7,*CTL,H,EB,CT,E,process,(s),aexpa+bN₄
114,1,,,,,,,,,,,,,bV₁
114,1,Strandgard,&,Mitchell,(2019),1,CTL,H,PB,CT,W,cycle (P,"Mh )
0",aexp
114,1,,,,,,,,,,,,,b
114,1,,,,,2,CTL,H,PB,CT,PV,(m³ PM,"h ⁻¹)
0",aV₁
114,1,,,,,,,,,,,,,bV₁
114,1,,,,,3,CTL,H,PB,CT,W,cycle (P,"Mh )
0",aexp
114,1,,,,,,,,,,,,,b
114,1,,,,,4,CTL,H,PB,CT,PV,(m³ PM,"h ⁻¹)
0",aV₁
114,1,,,,,,,,,,,,,b
114,1,Strandgard,&,Mitchell,(2020),1,FT,FB,EB,CT,PV,(m³ PM,"h ⁻¹)
0",aV₁
114,1,,,,,2,CTL,H,PB,RW,W,cycle (m,in),aV₁b
114,1,,,,,,,,,,,,,b
114,1,,,,,3,CTL,H,PB,RW,PV,(m³ PM,"h ⁻¹)
0",aV₁
114,1,,,,,,,,,,,,,
114,1,Strandgard,et,al. (2016,),1,CTL,H,"PB, EB",CT,PV,(m³ PM,"h ⁻¹)
0",a+bV₁+cE₃
114,1,,,,,,,,,,,,,
114,1,,,,,2,CTL,H,"PB, EB",CT,PV,(m³ PM,"h ⁻¹)
0",a+bV₁
114,1,,,,,,,,,,,,,b c
114,1,Strandgard,et,al. (2015,),1,FT,FB,PB,CT,PV,(m³ PM,"h ⁻¹)
0",aV₁₀ V₁₁
114,1,Tajbos & M,es,singerov,a (2014),1,CTL,H,PB,RW,W,cycle (m,in),a+bV₁
114,1,,,,,2,CTL,H,PB,RW,W,cycle (m,in),a+bV₁
114,1,,,,,,,,,,,,,
114,1,,,,,3,CTL,H,PB,RW,M,move (m,in),a+bA₁
115,1,,,,4,CTL,H,,PB,RW,M,move (m,in,),a+bA₁
115,1,,,,5,CTL,H,,PB,RW,E,process,(m,in),a+bO₁₁
115,1,,,,,,,,,,,,,,
115,1,,,,6,CTL,H,,PB,RW,E,process,(m,in),a+bO₁₁
115,1,Tolosana e,t al,. (2023),1,B (FT),FB,,PB,RW,PW,(ODton,E,WH⁻¹),-a+bln(B₁)
115,1,,,,2,B (FT),FB,,PB,RW,PW,(ODton,E,WH⁻¹),-a+bln(B₁)
115,1,,,,3,B (FT),FB,,PB,RW,PW,(ODton,SM,H⁻¹)-D,-a+bI₁c+dB₁e
115,1,Tolosana e,t al,. (2018),1,FT,FB,DT,PB,RW,PW,(ODton,PM,h⁻¹),-a+bI₁+cB₁+dO₇
115,1,,,,,,,,,,,,,,
115,1,,,,2,FT,FB,DT,PB,RW,PW,(ODton,PM,h⁻¹),-a+bI₁+cB₁+dO₇
115,1,,,,,,,,,,,,,,
115,1,Townsend,et,al. (2019),1,FT,FB,DT,PB,RW,W,cycle (m,in,),a+bN₃
115,1,,,,2,FT,FB,DT,PB,RW,W,cycle (m,in,),a+bN₃
115,1,,,,,,,,,,,,,,
115,1,,,,3,FT,FB,DT,PB,RW,W,cycle (m,in,),a+bN₃
115,1,,,,,,,,,,,,,,
115,1,,,,4,CTL,H,,EB,CT,W,cycle (m,in,),-a+bN₃+cA₁+dD₁+eN₄
115,1,,,,5,FT,FB,,PB,CT,W,cycle (m,in,),a+bN₃+cA₁
115,1,,,,,,,,,,,,,,
115,1,,,,,,,,,,,,,,
115,1,Walsh & S,tra,ndgard (2014),1,CTL,H,,PB,CT,PW,(GMton,P,"Mh ⁻¹)
0",a+bln(V₁)
115,1,,,,,,,,,,,,,,
115,1,,,,,,,,,,,,,,
115,1,,,,2,CTL,H,,PB,CT,PW,(GMton,P,"Mh ⁻¹)
0",a+bln(V₁)
115,1,,,,,,,,,,,,,,
115,1,Walsh et a,l. (,2014),1,CTL,H,,PB,CT,PV,(m³ PM,"h ⁻
0",¹),a+bln(V₁)
115,1,,,,,,,,,,,,,,
115,1,,,,,,,,,,,,,,
115,1,,,,2,CTL,H,,PB,CT,PV,(m³ PM,"h ⁻
0",¹),a+bln(V₁)
115,1,,,,,,,,,,,,,,
115,1,,,,,,,,,,,,,,
115,1,Williams,& A,ckerman (2016),1,CTL,H,,PB,CT,PV,(m³ PM,"h ⁻
0",¹),-a+bD₁-cS₁-dA₁
115,1,Zimelis et,al.,(2020),1,CTL,H,,PB,RW,TU,(min tre,e⁻¹,),a-bD₁+cD₁d
115,1,,,,2,CTL,H,,PB,RW,PV,(m³ h⁻¹),,,-a+bD₁-cD₁d
115,1,Zimelis et,al.,(2018),1,CTL,H,,PB,RW,PV,(m³ h⁻¹),,,-a+bD₁
115,1,,,,2,CTL,H,,PB,RW,E,"delimb,",bu,ck (s),a-bD₁+cD₁d
115,1,Zimelis et,al.,(2019),1,CTL,H,,PB,RW,PV,(m³ h⁻¹),,,-a+bD₁-cD₁d+eD₁f
115,1,,,,2,CTL,H,,PB,RW,PV,(m³ h⁻¹),,,a-bD₁+cD₁d-eD₁f
115,1,,,,,,,,,,,,,,
115,1,Zimelis et,al.,(2017a),1,CTL,H,,PB,RW,E,feed roll,er,operation (s,
115,1,,,,,,,,,,,,,,
115,1,,,,,,,,,,,,,,-a+bln(D₁)
115,1,,,,,,,,,,,,,,
115,1,,,,,,,,,,,tree⁻¹),,,
115,1,,,,,,,,,,,,,,
115,1,,,,2,CTL,H,,PB,RW,E,feed roll,er,operation (s,
115,1,,,,,,,,,,,,,,
115,1,,,,,,,,,,,,,,-a+bln(D₁)
115,1,,,,,,,,,,,,,,
115,1,,,,,,,,,,,tree⁻¹),,,
115,1,,,,,,,,,,,,,,
115,1,,,,,,,,,,,,,,
115,1,,,,3,CTL,H,,PB,RW,E,feed roll,er,"operation,",d
115,1,,,,,,,,,,,,,,-a+bD₁-cD₁
115,1,,,,,,,,,,,,,,
115,1,,,,,,,,,,,delimb (,s t,ree⁻¹),
116,1,,,,,,,,,,,
116,1,,,,4,CTL,H,PB,RW,E,"feed roller operation,",d
116,1,,,,,,,,,,,-a+bD₁+cD₁
116,1,,,,,,,,,,,
116,1,,,,,,,,,,delimb (s tree⁻¹),
116,1,Zimelis,et,al. (2017b),1,CTL,H,PB,RW,PV,(m³ h⁻¹),-aD₁+bD₁c-dD₁e
116,1,,,,2,CTL,H,PB,RW,PV,(m³ h⁻¹),a-bD₁+cD₁d-eD₁f
116,1,,,,,,,,,,,
116,1,,,,3,CTL,H,PB,RW,PV,(m³ h⁻¹),-a+bD₁
116,1,Zimelis,&,Spalva (2022),1,CTL,H,PB,RW,PV,(m³ h⁻¹),-a+bD₁-cD₁d
116,1,,,,,,,,,,,
116,1,,,,2,CTL,H,PB,RW,PU,(trees h⁻¹),a-bD₁
116,1,Zimelis,et,al. (2016),1,CTL,H,EB,CT,PV,(m³ h⁻¹),aD₁b
